priority_rank,sku_id,category,product_name,mrp_rupees,selling_price_rupees,discount_percent,available_quantity,weight_gms,is_out_of_stock,stockout_rate_pct,available_inventory_value_rupees,priority_score
1,943,"Cooking Essentials","Patanjali Cow's Ghee",565.0,565.0,0,0,1000,1,12.45,0.0,65
2,2421,Munchies,"Patanjali Cow's Ghee",565.0,565.0,0,0,1000,1,12.45,0.0,65
3,147,Biscuits,"Britannia Good Day Cashew Cookies",230.0,172.0,25,0,1000,1,28.57,0.0,65
4,2096,"Meats, Fish & Eggs","Fresh Chicken Mince - Kheema (Halal)",215.0,204.0,5,0,500,1,19.05,0.0,65
5,2100,"Meats, Fish & Eggs","Godrej Real Good Chicken Boneless Cubes",275.0,248.0,9,0,450,1,19.05,0.0,60
6,2136,"Meats, Fish & Eggs","Zorabian Chicken Cubes",270.0,270.0,0,0,500,1,19.05,0.0,60
7,122,Beverages,"The Whole Truth Peanut Butter - Unsweetened & Crunchy",185.0,148.0,20,0,325,1,21.71,0.0,60
8,1300,"Dairy, Bread & Batter","The Whole Truth Peanut Butter - Unsweetened & Crunchy",185.0,148.0,20,0,325,1,21.71,0.0,60
9,2095,"Meats, Fish & Eggs","Fresh Chicken Curry Cut - Skinless (Halal)",140.0,140.0,0,0,500,1,19.05,0.0,60
10,65,Beverages,"Go Cheese Pizza Blend Mozzarella + Cheddar",125.0,118.0,5,0,200,1,21.71,0.0,60
11,1243,"Dairy, Bread & Batter","Go Cheese Pizza Blend Mozzarella + Cheddar",125.0,118.0,5,0,200,1,21.71,0.0,60
12,217,Biscuits,"Open Secret Choco Almond Story Box",105.0,81.0,22,0,75,1,28.57,0.0,60
13,53,Beverages,"D'lecta Shredded Mozzarella Cheese",100.0,95.0,5,0,140,1,21.71,0.0,60
14,1231,"Dairy, Bread & Batter","D'lecta Shredded Mozzarella Cheese",100.0,95.0,5,0,140,1,21.71,0.0,60
15,88,Beverages,"Pillsbury Pancake Mix - Funfetti",99.0,88.0,11,0,162,1,21.71,0.0,60
16,1266,"Dairy, Bread & Batter","Pillsbury Pancake Mix - Funfetti",99.0,88.0,11,0,162,1,21.71,0.0,60
17,83,Beverages,"Nestle A+ Slim Milk",89.0,89.0,0,0,1000,1,21.71,0.0,60
18,1261,"Dairy, Bread & Batter","Nestle A+ Slim Milk",89.0,89.0,0,0,1000,1,21.71,0.0,60
19,157,Biscuits,"Britannia Marie Gold (Buy 4 Get 1 Free)",80.0,80.0,0,0,600,1,28.57,0.0,60
20,28,Beverages,"Amul Slim Trim Skimmed Milk",75.0,75.0,0,0,1000,1,21.71,0.0,60
21,106,Beverages,"Suguna Vitamin D Egg",75.0,62.0,17,0,348,1,21.71,0.0,60
22,1206,"Dairy, Bread & Batter","Amul Slim Trim Skimmed Milk",75.0,75.0,0,0,1000,1,21.71,0.0,60
23,1284,"Dairy, Bread & Batter","Suguna Vitamin D Egg",75.0,62.0,17,0,348,1,21.71,0.0,60
24,2123,"Meats, Fish & Eggs","Suguna Vitamin D Egg",75.0,62.0,17,0,348,1,19.05,0.0,60
25,104,Beverages,"Suguna Nourish Egg",72.0,60.0,16,0,348,1,21.71,0.0,60
26,1282,"Dairy, Bread & Batter","Suguna Nourish Egg",72.0,60.0,16,0,348,1,21.71,0.0,60
27,2121,"Meats, Fish & Eggs","Suguna Nourish Egg",72.0,60.0,16,0,348,1,19.05,0.0,60
28,162,Biscuits,"Britannia Milk Bikis Cream Biscuit",70.0,70.0,0,0,500,1,28.57,0.0,60
29,29,Beverages,"Amul Taaza Toned Homogenised Milk",66.0,64.0,3,0,1000,1,21.71,0.0,60
30,1207,"Dairy, Bread & Batter","Amul Taaza Toned Homogenised Milk",66.0,64.0,3,0,1000,1,21.71,0.0,60
31,257,Biscuits,"The Bake Shop Maska Khari",65.0,61.0,6,0,200,1,28.57,0.0,60
32,103,Beverages,"Suguna Nourish Egg",62.0,62.0,0,0,696,1,21.71,0.0,60
33,1281,"Dairy, Bread & Batter","Suguna Nourish Egg",62.0,62.0,0,0,696,1,21.71,0.0,60
34,2120,"Meats, Fish & Eggs","Suguna Nourish Egg",62.0,62.0,0,0,696,1,19.05,0.0,60
35,233,Biscuits,"Parle Monaco Sixer Salted Biscuits",60.0,54.0,10,0,200,1,28.57,0.0,60
36,180,Biscuits,"Britannia Toastea Premium Bake Rusk",50.0,47.0,6,0,300,1,28.57,0.0,60
37,149,Biscuits,"Britannia Good Day Cashew Cookies Packet",40.0,38.0,5,0,200,1,28.57,0.0,60
38,236,Biscuits,"Sunfeast Dark Fantasy Bourbon Bliss",35.0,29.0,17,0,150,1,28.57,0.0,60
39,239,Biscuits,"Sunfeast Dark Fantasy Choco Fills",35.0,32.0,8,0,75,1,28.57,0.0,60
40,168,Biscuits,"Britannia Nutri Choice Oats Choco Almond Biscuit",25.0,22.5,10,0,100,1,28.57,0.0,60
41,250,Biscuits,"Sunfeast Nice Biscuit",25.0,22.0,12,0,150,1,28.57,0.0,60
42,269,Biscuits,"Unibic Choco Nut Cookies",25.0,23.0,8,0,75,1,28.57,0.0,60
43,700,"Cooking Essentials","Aashirvaad Atta With Mutigrains",315.0,287.0,8,0,5000,1,12.45,0.0,55
44,2178,Munchies,"Aashirvaad Atta With Mutigrains",315.0,287.0,8,0,5000,1,12.45,0.0,55
45,818,"Cooking Essentials","Everest Kashmiri Lal Chilli Powder",310.0,279.0,10,0,500,1,12.45,0.0,55
46,2296,Munchies,"Everest Kashmiri Lal Chilli Powder",310.0,279.0,10,0,500,1,12.45,0.0,55
47,96,Beverages,"RRO Mozzarella Block Cheese",295.0,147.0,50,0,200,1,21.71,0.0,55
48,910,"Cooking Essentials","Madhur Pure And Hygienic Sugar",295.0,266.0,9,0,5000,1,12.45,0.0,55
49,1274,"Dairy, Bread & Batter","RRO Mozzarella Block Cheese",295.0,147.0,50,0,200,1,21.71,0.0,55
50,2388,Munchies,"Madhur Pure And Hygienic Sugar",295.0,266.0,9,0,5000,1,12.45,0.0,55
51,421,"Chocolates & Candies","Kelloggs Corn Flakes With Real Strawberry Pure",265.0,236.0,10,0,575,1,11.6,0.0,55
52,1836,"Ice Cream & Desserts","Kelloggs Corn Flakes With Real Strawberry Pure",265.0,236.0,10,0,575,1,11.6,0.0,55
53,3145,"Packaged Food","Kelloggs Corn Flakes With Real Strawberry Pure",265.0,236.0,10,0,575,1,11.6,0.0,55
54,2138,"Meats, Fish & Eggs","Zorabian Chicken Leg Boneless",250.0,250.0,0,0,450,1,19.05,0.0,55
55,2140,"Meats, Fish & Eggs","Zorabian Chicken Mince",250.0,250.0,0,0,450,1,19.05,0.0,55
56,1540,"Home & Cleaning","Comfort After Wash Fabric Conditioner Lily Fresh",235.0,212.0,9,0,860,1,9.84,0.0,55
57,857,"Cooking Essentials","Fortune Soyabean Oil",210.0,181.0,13,0,1000,1,12.45,0.0,55
58,2335,Munchies,"Fortune Soyabean Oil",210.0,181.0,13,0,1000,1,12.45,0.0,55
59,1681,"Home & Cleaning","Surf Excel Quick Wash",208.0,195.0,6,0,1000,1,9.84,0.0,55
60,2137,"Meats, Fish & Eggs","Zorabian Chicken Kheema Parathas",190.0,190.0,0,0,300,1,19.05,0.0,55
61,765,"Cooking Essentials","Daawat Super Basmati Rice",185.0,169.0,8,0,1000,1,12.45,0.0,55
62,2243,Munchies,"Daawat Super Basmati Rice",185.0,169.0,8,0,1000,1,12.45,0.0,55
63,562,"Chocolates & Candies","Safal Frozen - Sweet Corn",160.0,152.0,5,0,1000,1,11.6,0.0,55
64,1383,"Fruits & Vegetables","Safal Frozen - Sweet Corn",160.0,152.0,5,0,1000,1,6.45,0.0,55
65,1977,"Ice Cream & Desserts","Safal Frozen - Sweet Corn",160.0,152.0,5,0,1000,1,11.6,0.0,55
66,3286,"Packaged Food","Safal Frozen - Sweet Corn",160.0,152.0,5,0,1000,1,11.6,0.0,55
67,201,Biscuits,"Dukes Waffy Chocolate Wafer Rolls",150.0,75.0,50,0,250,1,28.57,0.0,55
68,2112,"Meats, Fish & Eggs","Godrej Yummiez Chicken Breakfast Salami",150.0,143.0,4,0,250,1,19.05,0.0,55
69,2135,"Meats, Fish & Eggs","Zorabian Chicken Breast Boneless",145.0,145.0,0,0,450,1,19.05,0.0,55
70,357,"Chocolates & Candies","Del Monte Eggless Mayo",135.0,126.0,6,0,500,1,11.6,0.0,55
71,1772,"Ice Cream & Desserts","Del Monte Eggless Mayo",135.0,126.0,6,0,500,1,11.6,0.0,55
72,3081,"Packaged Food","Del Monte Eggless Mayo",135.0,126.0,6,0,500,1,11.6,0.0,55
73,971,"Cooking Essentials","Popular Essentials Buckwheat Flour (Kuttu Atta)",125.0,113.0,9,0,500,1,12.45,0.0,55
74,2449,Munchies,"Popular Essentials Buckwheat Flour (Kuttu Atta)",125.0,113.0,9,0,500,1,12.45,0.0,55
75,360,"Chocolates & Candies","Del Monte Original Blend Tomato Ketchup Pouch",120.0,111.0,7,0,950,1,11.6,0.0,55
76,1775,"Ice Cream & Desserts","Del Monte Original Blend Tomato Ketchup Pouch",120.0,111.0,7,0,950,1,11.6,0.0,55
77,3084,"Packaged Food","Del Monte Original Blend Tomato Ketchup Pouch",120.0,111.0,7,0,950,1,11.6,0.0,55
78,1102,"Cooking Essentials","Satyam Singdana",119.0,111.0,6,0,500,1,12.45,0.0,55
79,2580,Munchies,"Satyam Singdana",119.0,111.0,6,0,500,1,12.45,0.0,55
80,1071,"Cooking Essentials","Pro Nature Organic Sonamasoori Brown Rice",102.0,94.0,7,0,1000,1,12.45,0.0,55
81,2549,Munchies,"Pro Nature Organic Sonamasoori Brown Rice",102.0,94.0,7,0,1000,1,12.45,0.0,55
82,23,Beverages,"Amul Pizza Cheese - Mozzarella",100.0,99.0,1,0,200,1,21.71,0.0,55
83,1201,"Dairy, Bread & Batter","Amul Pizza Cheese - Mozzarella",100.0,99.0,1,0,200,1,21.71,0.0,55
84,2787,"Paan Corner","Godrej No.1 Bathing Soap – Lime & Aloe Vera",100.0,84.0,16,0,500,1,6.14,0.0,55
85,3519,"Personal Care","Godrej No.1 Bathing Soap – Lime & Aloe Vera",100.0,84.0,16,0,500,1,6.14,0.0,55
86,616,"Chocolates & Candies","Top Ramen Masala",91.0,82.0,9,0,560,1,11.6,0.0,55
87,1157,"Cooking Essentials","Top Ramen Masala",91.0,82.0,9,0,560,1,12.45,0.0,55
88,2031,"Ice Cream & Desserts","Top Ramen Masala",91.0,82.0,9,0,560,1,11.6,0.0,55
89,2635,Munchies,"Top Ramen Masala",91.0,82.0,9,0,560,1,12.45,0.0,55
90,3340,"Packaged Food","Top Ramen Masala",91.0,82.0,9,0,560,1,11.6,0.0,55
91,1140,"Cooking Essentials","Tata Sampann Moong Chilka",88.0,82.0,6,0,500,1,12.45,0.0,55
92,2618,Munchies,"Tata Sampann Moong Chilka",88.0,82.0,6,0,500,1,12.45,0.0,55
93,12,Beverages,"Amul Cheese Spread Spicy Garlic",85.0,82.0,3,0,200,1,21.71,0.0,55
94,13,Beverages,"Amul Cheese Spread Yummy Plain",85.0,85.0,0,0,200,1,21.71,0.0,55
95,1190,"Dairy, Bread & Batter","Amul Cheese Spread Spicy Garlic",85.0,82.0,3,0,200,1,21.71,0.0,55
96,1191,"Dairy, Bread & Batter","Amul Cheese Spread Yummy Plain",85.0,85.0,0,0,200,1,21.71,0.0,55
97,89,Beverages,"Prabhat Malai Paneer Pouch",80.0,80.0,0,0,200,1,21.71,0.0,55
98,194,Biscuits,"Cadbury Oreo Chocolatey Sandwich Biscuits Family Pack",80.0,80.0,0,0,300,1,28.57,0.0,55
99,1043,"Cooking Essentials","Popular Essentials Toor Dal (Un-Polished)",80.0,74.0,7,0,500,1,12.45,0.0,55
100,1267,"Dairy, Bread & Batter","Prabhat Malai Paneer Pouch",80.0,80.0,0,0,200,1,21.71,0.0,55
101,2521,Munchies,"Popular Essentials Toor Dal (Un-Polished)",80.0,74.0,7,0,500,1,12.45,0.0,55
102,82,Beverages,"Nestle A+ Slim Dahi - Low Fat",78.0,75.0,3,0,400,1,21.71,0.0,55
103,1260,"Dairy, Bread & Batter","Nestle A+ Slim Dahi - Low Fat",78.0,75.0,3,0,400,1,21.71,0.0,55
104,21,Beverages,"Amul Malai Paneer Fresh",76.0,73.0,3,0,200,1,21.71,0.0,55
105,1199,"Dairy, Bread & Batter","Amul Malai Paneer Fresh",76.0,73.0,3,0,200,1,21.71,0.0,55
106,171,Biscuits,"Britannia Nutrichoice 5 Grain Digestive Biscuits",75.0,75.0,0,0,200,1,28.57,0.0,55
107,9,Beverages,"Amul Cheese Slices",71.0,70.0,1,0,100,1,21.71,0.0,55
108,1187,"Dairy, Bread & Batter","Amul Cheese Slices",71.0,70.0,1,0,100,1,21.71,0.0,55
109,1651,"Home & Cleaning","Rin Fabric Whitener Detergent",69.0,62.0,10,0,500,1,9.84,0.0,55
110,109,Beverages,"The Bake Shop Multi Grain Bread",65.0,65.0,0,0,400,1,21.71,0.0,55
111,253,Biscuits,"The Bake Shop Jeera Khari",65.0,65.0,0,0,200,1,28.57,0.0,55
112,1287,"Dairy, Bread & Batter","The Bake Shop Multi Grain Bread",65.0,65.0,0,0,400,1,21.71,0.0,55
113,693,"Cooking Essentials","24 Mantra Organic Whole Wheat Atta",64.0,59.0,7,0,1000,1,12.45,0.0,55
114,2171,Munchies,"24 Mantra Organic Whole Wheat Atta",64.0,59.0,7,0,1000,1,12.45,0.0,55
115,16,Beverages,"Amul Fresh Cream",63.0,63.0,0,0,250,1,21.71,0.0,55
116,1194,"Dairy, Bread & Batter","Amul Fresh Cream",63.0,63.0,0,0,250,1,21.71,0.0,55
117,564,"Chocolates & Candies","Safal Frozen Mixed Vegetables",60.0,57.0,5,0,500,1,11.6,0.0,55
118,911,"Cooking Essentials","Madhur Sugar",60.0,56.0,6,0,1000,1,12.45,0.0,55
119,1032,"Cooking Essentials","Popular Essentials Sabudana",60.0,54.0,10,0,500,1,12.45,0.0,55
120,1385,"Fruits & Vegetables","Safal Frozen Mixed Vegetables",60.0,57.0,5,0,500,1,6.45,0.0,55
121,1979,"Ice Cream & Desserts","Safal Frozen Mixed Vegetables",60.0,57.0,5,0,500,1,11.6,0.0,55
122,2389,Munchies,"Madhur Sugar",60.0,56.0,6,0,1000,1,12.45,0.0,55
123,2510,Munchies,"Popular Essentials Sabudana",60.0,54.0,10,0,500,1,12.45,0.0,55
124,3288,"Packaged Food","Safal Frozen Mixed Vegetables",60.0,57.0,5,0,500,1,11.6,0.0,55
125,962,"Cooking Essentials","Popular Essentials Black Brown Chana (Un-Polished)",55.0,50.0,9,0,500,1,12.45,0.0,55
126,2440,Munchies,"Popular Essentials Black Brown Chana (Un-Polished)",55.0,50.0,9,0,500,1,12.45,0.0,55
127,161,Biscuits,"Britannia Milk Bikis Cream Biscuit",45.0,45.0,0,0,200,1,28.57,0.0,55
128,190,Biscuits,"Britannia Vita Marie Gold Biscuit",45.0,45.0,0,0,300,1,28.57,0.0,55
129,1142,"Cooking Essentials","Tata Sampann Poha",44.0,41.0,6,0,500,1,12.45,0.0,55
130,2620,Munchies,"Tata Sampann Poha",44.0,41.0,6,0,500,1,12.45,0.0,55
131,113,Beverages,"The Bake Shop Whole Wheat Bread",40.0,40.0,0,0,400,1,21.71,0.0,55
132,114,Beverages,"The Bake Shop Whole Wheat Ladi Pav",40.0,40.0,0,0,200,1,21.71,0.0,55
133,235,Biscuits,"Patanjali Atta Doodh Rusk",40.0,40.0,0,0,300,1,28.57,0.0,55
134,1291,"Dairy, Bread & Batter","The Bake Shop Whole Wheat Bread",40.0,40.0,0,0,400,1,21.71,0.0,55
135,1292,"Dairy, Bread & Batter","The Bake Shop Whole Wheat Ladi Pav",40.0,40.0,0,0,200,1,21.71,0.0,55
136,1103,"Cooking Essentials","Satyam Thin Poha Patla",38.0,35.0,7,0,500,1,12.45,0.0,55
137,2581,Munchies,"Satyam Thin Poha Patla",38.0,35.0,7,0,500,1,12.45,0.0,55
138,43,Beverages,"Britannia Cheese Garlic Bread",35.0,35.0,0,0,300,1,21.71,0.0,55
139,142,Biscuits,"Britannia Bourbon Chocolate Cream Biscuits",35.0,34.0,2,0,150,1,28.57,0.0,55
140,165,Biscuits,"Britannia Nutri Choice Cracker Sugar Free Biscuit",35.0,35.0,0,0,300,1,28.57,0.0,55
141,224,Biscuits,"Parle Fab! Jam-In Cream Filled",35.0,34.0,2,0,150,1,28.57,0.0,55
142,237,Biscuits,"Sunfeast Dark Fantasy Bourbon Bliss",35.0,35.0,0,0,150,1,28.57,0.0,55
143,1098,"Cooking Essentials","Satyam Poha Jada",35.0,32.0,8,0,500,1,12.45,0.0,55
144,1221,"Dairy, Bread & Batter","Britannia Cheese Garlic Bread",35.0,35.0,0,0,300,1,21.71,0.0,55
145,2576,Munchies,"Satyam Poha Jada",35.0,32.0,8,0,500,1,12.45,0.0,55
146,39,Beverages,"Britannia Atta Kulcha",30.0,30.0,0,0,250,1,21.71,0.0,55
147,42,Beverages,"Britannia Burger Bun with Sesame Seed",30.0,30.0,0,0,200,1,21.71,0.0,55
148,111,Beverages,"The Bake Shop Pizza Base Whole Wheat",30.0,30.0,0,0,150,1,21.71,0.0,55
149,159,Biscuits,"Britannia Marie Gold Biscuits Packet",30.0,30.0,0,0,250,1,28.57,0.0,55
150,195,Biscuits,"Cadbury Oreo Creme Biscuit - Vanilla, Original 120 g",30.0,29.0,3,0,120,1,28.57,0.0,55
151,197,Biscuits,"Cadbury Oreo Strawberry Bicuits",30.0,29.0,3,0,120,1,28.57,0.0,55
152,1217,"Dairy, Bread & Batter","Britannia Atta Kulcha",30.0,30.0,0,0,250,1,21.71,0.0,55
153,1220,"Dairy, Bread & Batter","Britannia Burger Bun with Sesame Seed",30.0,30.0,0,0,200,1,21.71,0.0,55
154,1289,"Dairy, Bread & Batter","The Bake Shop Pizza Base Whole Wheat",30.0,30.0,0,0,150,1,21.71,0.0,55
155,158,Biscuits,"Britannia Marie Gold Biscuit",28.0,28.0,0,0,200,1,28.57,0.0,55
156,19,Beverages,"Amul Lactose Free Milk",25.0,24.0,4,0,250,1,21.71,0.0,55
157,143,Biscuits,"Britannia Classic Little Hearts",25.0,25.0,0,0,75,1,28.57,0.0,55
158,163,Biscuits,"Britannia Milk Bikis Milky Sandwich",25.0,25.0,0,0,120,1,28.57,0.0,55
159,164,Biscuits,"Britannia Nice Time Biscuit",25.0,25.0,0,0,150,1,28.57,0.0,55
160,167,Biscuits,"Britannia Nutri Choice Digestive Biscuits Packet",25.0,25.0,0,0,100,1,28.57,0.0,55
161,188,Biscuits,"Britannia Treat Jimjam Cream Biscuits",25.0,25.0,0,0,100,1,28.57,0.0,55
162,1197,"Dairy, Bread & Batter","Amul Lactose Free Milk",25.0,24.0,4,0,250,1,21.71,0.0,55
163,703,"Cooking Essentials","Aashirvaad Iodised Salt",22.0,19.0,13,0,1000,1,12.45,0.0,55
164,2181,Munchies,"Aashirvaad Iodised Salt",22.0,19.0,13,0,1000,1,12.45,0.0,55
165,107,Beverages,"The Bake Shop Burger Buns",20.0,20.0,0,0,100,1,21.71,0.0,55
166,146,Biscuits,"Britannia Good Day Cashew Cookies",20.0,20.0,0,0,100,1,28.57,0.0,55
167,1285,"Dairy, Bread & Batter","The Bake Shop Burger Buns",20.0,20.0,0,0,100,1,21.71,0.0,55
168,132,Biscuits,"Bauli Moonfils - Vanilla",15.0,15.0,0,0,45,1,28.57,0.0,55
169,133,Biscuits,"Bauli Moonfils Choco Cream (With Egg)",15.0,15.0,0,0,45,1,28.57,0.0,55
170,135,Biscuits,"Bauli Moonfils Orange Puff Roll",15.0,15.0,0,0,45,1,28.57,0.0,55
171,138,Biscuits,"Britannia 50-50 Maska Chaska Biscuit",10.0,10.0,0,0,46,1,28.57,0.0,55
172,175,Biscuits,"Britannia Roll Yo! Choco Swiss Roll (With Egg)",10.0,10.0,0,0,28,1,28.57,0.0,55
173,176,Biscuits,"Britannia Roll Yo! Strawberry Swiss Roll",10.0,10.0,0,0,28,1,28.57,0.0,55
174,206,Biscuits,"Good Day Butter Cookies",10.0,10.0,0,0,75,1,28.57,0.0,55
175,246,Biscuits,"Sunfeast Mom's Magic Cashew & Almond Biscuit",10.0,10.0,0,0,60,1,28.57,0.0,55
176,2099,"Meats, Fish & Eggs","Fresh Mutton Mince - Kheema (Halal)",515.0,495.0,3,1,500,0,19.05,495.0,50
177,2879,"Paan Corner","MamyPoko Pants Standard Diapers, Extra Large (12 - 17 kg)",399.0,369.0,7,0,26,1,6.14,0.0,50
178,3611,"Personal Care","MamyPoko Pants Standard Diapers, Extra Large (12 - 17 kg)",399.0,369.0,7,0,26,1,6.14,0.0,50
179,383,"Chocolates & Candies","Hershey's Cocoa + Almond Spread",295.0,266.0,9,0,350,1,11.6,0.0,50
180,1798,"Ice Cream & Desserts","Hershey's Cocoa + Almond Spread",295.0,266.0,9,0,350,1,11.6,0.0,50
181,3107,"Packaged Food","Hershey's Cocoa + Almond Spread",295.0,266.0,9,0,350,1,11.6,0.0,50
182,658,"Chocolates & Candies","Yummiez Green Peas",250.0,250.0,0,0,1000,1,11.6,0.0,50
183,1635,"Home & Cleaning","Origami Plates Plain",250.0,225.0,10,0,100,1,9.84,0.0,50
184,2073,"Ice Cream & Desserts","Yummiez Green Peas",250.0,250.0,0,0,1000,1,11.6,0.0,50
185,3382,"Packaged Food","Yummiez Green Peas",250.0,250.0,0,0,1000,1,11.6,0.0,50
186,1443,"Health & Hygiene","Gillette Venus Close & Clean Razor",249.0,230.0,7,0,58,1,13.4,0.0,50
187,2776,"Paan Corner","Gillette Venus Close & Clean Razor",249.0,230.0,7,0,58,1,6.14,0.0,50
188,3508,"Personal Care","Gillette Venus Close & Clean Razor",249.0,230.0,7,0,58,1,6.14,0.0,50
189,2936,"Paan Corner","Parachute Advansed Gold Coconut Hair Oil",215.0,194.0,9,0,400,1,6.14,0.0,50
190,3668,"Personal Care","Parachute Advansed Gold Coconut Hair Oil",215.0,194.0,9,0,400,1,6.14,0.0,50
191,891,"Cooking Essentials","India Gate Basmati Rice",210.0,210.0,0,0,1000,1,12.45,0.0,50
192,2369,Munchies,"India Gate Basmati Rice",210.0,210.0,0,0,1000,1,12.45,0.0,50
193,1560,"Home & Cleaning","Gala No Dust Broom",190.0,175.0,7,0,58,1,9.84,0.0,50
194,606,"Chocolates & Candies","The Whole Truth Peanut Butter - Unsweetened & Crunchy",185.0,148.0,20,0,325,1,11.6,0.0,50
195,1481,"Health & Hygiene","Whisper Bindazzz Night Sanitary Pads XL Plus",185.0,185.0,0,0,870,1,13.4,0.0,50
196,2021,"Ice Cream & Desserts","The Whole Truth Peanut Butter - Unsweetened & Crunchy",185.0,148.0,20,0,325,1,11.6,0.0,50
197,2985,"Paan Corner","Whisper Bindazzz Night Sanitary Pads XL Plus",185.0,185.0,0,0,870,1,6.14,0.0,50
198,3330,"Packaged Food","The Whole Truth Peanut Butter - Unsweetened & Crunchy",185.0,148.0,20,0,325,1,11.6,0.0,50
199,3717,"Personal Care","Whisper Bindazzz Night Sanitary Pads XL Plus",185.0,185.0,0,0,870,1,6.14,0.0,50
200,1146,"Cooking Essentials","Tata Sampann Unpolished Toor Dal/Arhar Dal",179.0,177.0,1,0,1000,1,12.45,0.0,50
201,2624,Munchies,"Tata Sampann Unpolished Toor Dal/Arhar Dal",179.0,177.0,1,0,1000,1,12.45,0.0,50
202,305,"Chocolates & Candies","Chef's Basket Durum Wheat Penne Pasta",160.0,80.0,50,0,500,1,11.6,0.0,50
203,385,"Chocolates & Candies","ITC Master Chef Cheesy Corn Triangles",160.0,152.0,5,0,320,1,11.6,0.0,50
204,743,"Cooking Essentials","Chef's Basket Durum Wheat Penne Pasta",160.0,80.0,50,0,500,1,12.45,0.0,50
205,1720,"Ice Cream & Desserts","Chef's Basket Durum Wheat Penne Pasta",160.0,80.0,50,0,500,1,11.6,0.0,50
206,1800,"Ice Cream & Desserts","ITC Master Chef Cheesy Corn Triangles",160.0,152.0,5,0,320,1,11.6,0.0,50
207,2221,Munchies,"Chef's Basket Durum Wheat Penne Pasta",160.0,80.0,50,0,500,1,12.45,0.0,50
208,3029,"Packaged Food","Chef's Basket Durum Wheat Penne Pasta",160.0,80.0,50,0,500,1,11.6,0.0,50
209,3109,"Packaged Food","ITC Master Chef Cheesy Corn Triangles",160.0,152.0,5,0,320,1,11.6,0.0,50
210,424,"Chocolates & Candies","Kissan Mixed Fruit Jam",155.0,155.0,0,0,500,1,11.6,0.0,50
211,1839,"Ice Cream & Desserts","Kissan Mixed Fruit Jam",155.0,155.0,0,0,500,1,11.6,0.0,50
212,3148,"Packaged Food","Kissan Mixed Fruit Jam",155.0,155.0,0,0,500,1,11.6,0.0,50
213,1014,"Cooking Essentials","Popular Essentials Phool Makhana (Jumbo Size)",150.0,128.0,14,0,100,1,12.45,0.0,50
214,2492,Munchies,"Popular Essentials Phool Makhana (Jumbo Size)",150.0,128.0,14,0,100,1,12.45,0.0,50
215,2669,"Paan Corner","Clean & Clear Morning Energy Lemon Face Wash",145.0,131.0,9,0,100,1,6.14,0.0,50
216,3401,"Personal Care","Clean & Clear Morning Energy Lemon Face Wash",145.0,131.0,9,0,100,1,6.14,0.0,50
217,1675,"Home & Cleaning","Surf Excel Easy Wash Detergent Powder",136.0,131.0,3,0,1000,1,9.84,0.0,50
218,657,"Chocolates & Candies","Yummiez Green Peas",135.0,135.0,0,0,500,1,11.6,0.0,50
219,2072,"Ice Cream & Desserts","Yummiez Green Peas",135.0,135.0,0,0,500,1,11.6,0.0,50
220,3381,"Packaged Food","Yummiez Green Peas",135.0,135.0,0,0,500,1,11.6,0.0,50
221,2660,"Paan Corner","Bajaj Almond Drops Hair Oil Bottle",130.0,120.0,7,0,200,1,6.14,0.0,50
222,3392,"Personal Care","Bajaj Almond Drops Hair Oil Bottle",130.0,120.0,7,0,200,1,6.14,0.0,50
223,1138,"Cooking Essentials","Tata Sampann Kala Chana",125.0,125.0,0,0,1000,1,12.45,0.0,50
224,2616,Munchies,"Tata Sampann Kala Chana",125.0,125.0,0,0,1000,1,12.45,0.0,50
225,850,"Cooking Essentials","Fortune Besan Flour",120.0,120.0,0,0,1000,1,12.45,0.0,50
226,2328,Munchies,"Fortune Besan Flour",120.0,120.0,0,0,1000,1,12.45,0.0,50
227,2959,"Paan Corner","Sensodyne Sensitive Fresh Gel Toothpaste",115.0,106.0,7,0,75,1,6.14,0.0,50
228,3691,"Personal Care","Sensodyne Sensitive Fresh Gel Toothpaste",115.0,106.0,7,0,75,1,6.14,0.0,50
229,894,"Cooking Essentials","Keya Italian Pizza Oregano",109.0,97.0,11,0,80,1,12.45,0.0,50
230,2372,Munchies,"Keya Italian Pizza Oregano",109.0,97.0,11,0,80,1,12.45,0.0,50
231,2713,"Paan Corner","Dettol Original Liquid Handwash Refill",109.0,105.0,3,0,750,1,6.14,0.0,50
232,3445,"Personal Care","Dettol Original Liquid Handwash Refill",109.0,105.0,3,0,750,1,6.14,0.0,50
233,345,"Chocolates & Candies","Ching's Secret Veg Hakka Noodles",107.0,107.0,0,0,600,1,11.6,0.0,50
234,756,"Cooking Essentials","Ching's Secret Veg Hakka Noodles",107.0,107.0,0,0,600,1,12.45,0.0,50
235,1760,"Ice Cream & Desserts","Ching's Secret Veg Hakka Noodles",107.0,107.0,0,0,600,1,11.6,0.0,50
236,2234,Munchies,"Ching's Secret Veg Hakka Noodles",107.0,107.0,0,0,600,1,12.45,0.0,50
237,3069,"Packaged Food","Ching's Secret Veg Hakka Noodles",107.0,107.0,0,0,600,1,11.6,0.0,50
238,1415,"Health & Hygiene","Dabur Honitus Herbal Cough Remedy Ayurvedic Syrup",105.0,89.0,15,0,100,1,13.4,0.0,50
239,1117,"Cooking Essentials","Sugarlite 50% Less Calories Sugar Pouch",99.0,59.0,40,0,500,1,12.45,0.0,50
240,2595,Munchies,"Sugarlite 50% Less Calories Sugar Pouch",99.0,59.0,40,0,500,1,12.45,0.0,50
241,1136,"Cooking Essentials","Tata Sampann High Protien Toor Dal - Split",91.0,89.0,2,0,500,1,12.45,0.0,50
242,2614,Munchies,"Tata Sampann High Protien Toor Dal - Split",91.0,89.0,2,0,500,1,12.45,0.0,50
243,763,"Cooking Essentials","Daawat Rozana Gold Basmati Rice",90.0,89.0,1,0,1000,1,12.45,0.0,50
244,1604,"Home & Cleaning","Odomos Mosquito Repellent Spray",90.0,82.0,8,0,100,1,9.84,0.0,50
245,2241,Munchies,"Daawat Rozana Gold Basmati Rice",90.0,89.0,1,0,1000,1,12.45,0.0,50
246,2674,"Paan Corner","Closeup Everfresh+ Anti-Germ Gel Toothpaste Red Hot",90.0,81.0,10,0,150,1,6.14,0.0,50
247,3406,"Personal Care","Closeup Everfresh+ Anti-Germ Gel Toothpaste Red Hot",90.0,81.0,10,0,150,1,6.14,0.0,50
248,1650,"Home & Cleaning","Rin Detergent Powder",86.0,84.0,2,0,1000,1,9.84,0.0,50
249,2913,"Paan Corner","Oxylife Natural Radiance 5 Creme Bleach - With Active Oxygen",82.0,74.0,9,0,27,1,6.14,0.0,50
250,3645,"Personal Care","Oxylife Natural Radiance 5 Creme Bleach - With Active Oxygen",82.0,74.0,9,0,27,1,6.14,0.0,50
251,1653,"Home & Cleaning","Scotch BOPP Packaging Tape",80.0,68.0,15,0,58,1,9.84,0.0,50
252,764,"Cooking Essentials","Daawat Rozana Super Basmati Rice",79.0,79.0,0,0,1000,1,12.45,0.0,50
253,2242,Munchies,"Daawat Rozana Super Basmati Rice",79.0,79.0,0,0,1000,1,12.45,0.0,50
254,1037,"Cooking Essentials","Popular Essentials Sona Masouri Raw Rice",75.0,75.0,0,0,1000,1,12.45,0.0,50
255,2515,Munchies,"Popular Essentials Sona Masouri Raw Rice",75.0,75.0,0,0,1000,1,12.45,0.0,50
256,810,"Cooking Essentials","Everest Coriander Powder",70.0,63.0,10,0,200,1,12.45,0.0,50
257,2288,Munchies,"Everest Coriander Powder",70.0,63.0,10,0,200,1,12.45,0.0,50
258,627,"Chocolates & Candies","Veeba Favourites Eggless Burger Mayonnaise",69.0,63.0,8,0,250,1,11.6,0.0,50
259,2042,"Ice Cream & Desserts","Veeba Favourites Eggless Burger Mayonnaise",69.0,63.0,8,0,250,1,11.6,0.0,50
260,3351,"Packaged Food","Veeba Favourites Eggless Burger Mayonnaise",69.0,63.0,8,0,250,1,11.6,0.0,50
261,843,"Cooking Essentials","Everest Turmeric Powder",67.0,60.0,10,0,200,1,12.45,0.0,50
262,2321,Munchies,"Everest Turmeric Powder",67.0,60.0,10,0,200,1,12.45,0.0,50
263,2659,"Paan Corner","Bajaj Almond Drops Hair Oil",67.0,60.0,10,0,100,1,6.14,0.0,50
264,3391,"Personal Care","Bajaj Almond Drops Hair Oil",67.0,60.0,10,0,100,1,6.14,0.0,50
265,804,"Cooking Essentials","Everest Chat Masala",65.0,59.0,9,0,100,1,12.45,0.0,50
266,1663,"Home & Cleaning","Scotch-Brite Scrub Sponge Ideal For Dishwash Liquid",65.0,59.0,9,0,116,1,9.84,0.0,50
267,2282,Munchies,"Everest Chat Masala",65.0,59.0,9,0,100,1,12.45,0.0,50
268,1134,"Cooking Essentials","Tata Sampann High Protien Chana Dal - Split",64.0,64.0,0,0,500,1,12.45,0.0,50
269,2612,Munchies,"Tata Sampann High Protien Chana Dal - Split",64.0,64.0,0,0,500,1,12.45,0.0,50
270,397,"Chocolates & Candies","Kellogg's Chocos Combo Pack",60.0,56.0,6,0,156,1,11.6,0.0,50
271,444,"Chocolates & Candies","Lijjat Moong Papad",60.0,57.0,5,0,200,1,11.6,0.0,50
272,446,"Chocolates & Candies","Lijjat Urad Papad",60.0,57.0,5,0,200,1,11.6,0.0,50
273,966,"Cooking Essentials","Popular Essentials Black Raisins Seedless",60.0,54.0,10,0,100,1,12.45,0.0,50
274,1031,"Cooking Essentials","Popular Essentials Sabja/Basil Seeds",60.0,51.0,15,0,100,1,12.45,0.0,50
275,1812,"Ice Cream & Desserts","Kellogg's Chocos Combo Pack",60.0,56.0,6,0,156,1,11.6,0.0,50
276,1859,"Ice Cream & Desserts","Lijjat Moong Papad",60.0,57.0,5,0,200,1,11.6,0.0,50
277,1861,"Ice Cream & Desserts","Lijjat Urad Papad",60.0,57.0,5,0,200,1,11.6,0.0,50
278,2444,Munchies,"Popular Essentials Black Raisins Seedless",60.0,54.0,10,0,100,1,12.45,0.0,50
279,2509,Munchies,"Popular Essentials Sabja/Basil Seeds",60.0,51.0,15,0,100,1,12.45,0.0,50
280,3121,"Packaged Food","Kellogg's Chocos Combo Pack",60.0,56.0,6,0,156,1,11.6,0.0,50
281,3168,"Packaged Food","Lijjat Moong Papad",60.0,57.0,5,0,200,1,11.6,0.0,50
282,3170,"Packaged Food","Lijjat Urad Papad",60.0,57.0,5,0,200,1,11.6,0.0,50
283,919,"Cooking Essentials","Maggi Masala Ae Magic",58.0,54.0,6,0,72,1,12.45,0.0,50
284,2397,Munchies,"Maggi Masala Ae Magic",58.0,54.0,6,0,72,1,12.45,0.0,50
285,1435,"Health & Hygiene","Eno Cooling Sachets - Cool Mint, 6 Pieces Carton",54.0,48.0,11,0,5,1,13.4,0.0,50
286,708,"Cooking Essentials","Aashirvaad Superior MP Whole Wheat Atta",53.0,52.0,1,0,1000,1,12.45,0.0,50
287,2186,Munchies,"Aashirvaad Superior MP Whole Wheat Atta",53.0,52.0,1,0,1000,1,12.45,0.0,50
288,495,"Chocolates & Candies","Mother's Recipe Ginger And Garlic Paste",50.0,38.0,24,0,200,1,11.6,0.0,50
289,769,"Cooking Essentials","Dabur Ginger Garlic Paste",50.0,47.0,6,0,200,1,12.45,0.0,50
290,1910,"Ice Cream & Desserts","Mother's Recipe Ginger And Garlic Paste",50.0,38.0,24,0,200,1,11.6,0.0,50
291,2247,Munchies,"Dabur Ginger Garlic Paste",50.0,47.0,6,0,200,1,12.45,0.0,50
292,3219,"Packaged Food","Mother's Recipe Ginger And Garlic Paste",50.0,38.0,24,0,200,1,11.6,0.0,50
293,584,"Chocolates & Candies","Sunfeast Yippee! Magic Masala Noodles",48.0,45.0,6,0,240,1,11.6,0.0,50
294,1125,"Cooking Essentials","Sunfeast Yippee! Magic Masala Noodles",48.0,45.0,6,0,240,1,12.45,0.0,50
295,1999,"Ice Cream & Desserts","Sunfeast Yippee! Magic Masala Noodles",48.0,45.0,6,0,240,1,11.6,0.0,50
296,2603,Munchies,"Sunfeast Yippee! Magic Masala Noodles",48.0,45.0,6,0,240,1,12.45,0.0,50
297,3308,"Packaged Food","Sunfeast Yippee! Magic Masala Noodles",48.0,45.0,6,0,240,1,11.6,0.0,50
298,1689,"Home & Cleaning","Vim Dishwash Bar",45.0,45.0,0,0,600,1,9.84,0.0,50
299,970,"Cooking Essentials","Popular Essentials Brown Sugar",40.0,40.0,0,0,500,1,12.45,0.0,50
300,2448,Munchies,"Popular Essentials Brown Sugar",40.0,40.0,0,0,500,1,12.45,0.0,50
301,1362,"Fruits & Vegetables","Moong Sprouts",35.0,29.0,17,0,200,1,6.45,0.0,50
302,1486,"Health & Hygiene","Whisper Choice Sanitary Pad",32.0,29.0,9,0,406,1,13.4,0.0,50
303,2990,"Paan Corner","Whisper Choice Sanitary Pad",32.0,29.0,9,0,406,1,6.14,0.0,50
304,3722,"Personal Care","Whisper Choice Sanitary Pad",32.0,29.0,9,0,406,1,6.14,0.0,50
305,506,"Chocolates & Candies","Mother's Recipe Potato Papad",31.0,28.0,9,0,70,1,11.6,0.0,50
306,510,"Chocolates & Candies","Mothers Recipe Papad - Sabudana With Rock Salt",31.0,28.0,9,0,70,1,11.6,0.0,50
307,1921,"Ice Cream & Desserts","Mother's Recipe Potato Papad",31.0,28.0,9,0,70,1,11.6,0.0,50
308,1925,"Ice Cream & Desserts","Mothers Recipe Papad - Sabudana With Rock Salt",31.0,28.0,9,0,70,1,11.6,0.0,50
309,3230,"Packaged Food","Mother's Recipe Potato Papad",31.0,28.0,9,0,70,1,11.6,0.0,50
310,3234,"Packaged Food","Mothers Recipe Papad - Sabudana With Rock Salt",31.0,28.0,9,0,70,1,11.6,0.0,50
311,580,"Chocolates & Candies","Sunfeast Pasta Treat Pack of Tomato Cheese",28.0,23.0,17,0,65,1,11.6,0.0,50
312,1123,"Cooking Essentials","Sunfeast Pasta Treat Pack of Tomato Cheese",28.0,23.0,17,0,65,1,12.45,0.0,50
313,1995,"Ice Cream & Desserts","Sunfeast Pasta Treat Pack of Tomato Cheese",28.0,23.0,17,0,65,1,11.6,0.0,50
314,2601,Munchies,"Sunfeast Pasta Treat Pack of Tomato Cheese",28.0,23.0,17,0,65,1,12.45,0.0,50
315,3304,"Packaged Food","Sunfeast Pasta Treat Pack of Tomato Cheese",28.0,23.0,17,0,65,1,11.6,0.0,50
316,352,"Chocolates & Candies","Dabur Hommade - Imli Sauce Saunth",20.0,18.0,10,0,100,1,11.6,0.0,50
317,1767,"Ice Cream & Desserts","Dabur Hommade - Imli Sauce Saunth",20.0,18.0,10,0,100,1,11.6,0.0,50
318,3076,"Packaged Food","Dabur Hommade - Imli Sauce Saunth",20.0,18.0,10,0,100,1,11.6,0.0,50
319,1337,"Fruits & Vegetables",Carrot,13.0,11.0,15,0,250,1,6.45,0.0,50
320,1531,"Home & Cleaning","Chakaachak Super Steel Scrubber",12.0,11.0,8,0,58,1,9.84,0.0,50
321,1325,"Fruits & Vegetables",Beetroot,11.0,9.0,18,0,250,1,6.45,0.0,50
322,1678,"Home & Cleaning","Surf Excel Matic Powder Front Load",810.0,750.0,7,2,4000,0,9.84,1500.0,45
323,549,"Chocolates & Candies","Pedigree Puppy Dry Dog Food Food Chicken & Milk",690.0,648.0,6,2,3000,0,11.6,1296.0,45
324,1964,"Ice Cream & Desserts","Pedigree Puppy Dry Dog Food Food Chicken & Milk",690.0,648.0,6,2,3000,0,11.6,1296.0,45
325,3273,"Packaged Food","Pedigree Puppy Dry Dog Food Food Chicken & Milk",690.0,648.0,6,2,3000,0,11.6,1296.0,45
326,544,"Chocolates & Candies","Pedigree Dog Food Adult Chicken & Veg",660.0,594.0,10,1,3000,0,11.6,594.0,45
327,545,"Chocolates & Candies","Pedigree Dog Food Adult Meat & Rice",660.0,608.0,7,2,3000,0,11.6,1216.0,45
328,1959,"Ice Cream & Desserts","Pedigree Dog Food Adult Chicken & Veg",660.0,594.0,10,1,3000,0,11.6,594.0,45
329,1960,"Ice Cream & Desserts","Pedigree Dog Food Adult Meat & Rice",660.0,608.0,7,2,3000,0,11.6,1216.0,45
330,3268,"Packaged Food","Pedigree Dog Food Adult Chicken & Veg",660.0,594.0,10,1,3000,0,11.6,594.0,45
331,3269,"Packaged Food","Pedigree Dog Food Adult Meat & Rice",660.0,608.0,7,2,3000,0,11.6,1216.0,45
332,1682,"Home & Cleaning","Surf Excel Quick Wash",600.0,549.0,8,1,4000,0,9.84,549.0,45
333,524,"Chocolates & Candies","Organic India Apple Cider Vinegar",595.0,536.0,9,2,500,0,11.6,1072.0,45
334,1939,"Ice Cream & Desserts","Organic India Apple Cider Vinegar",595.0,536.0,9,2,500,0,11.6,1072.0,45
335,3248,"Packaged Food","Organic India Apple Cider Vinegar",595.0,536.0,9,2,500,0,11.6,1072.0,45
336,361,"Chocolates & Candies","Del Monte Pitted Green Olives",250.0,250.0,0,0,450,1,11.6,0.0,45
337,1776,"Ice Cream & Desserts","Del Monte Pitted Green Olives",250.0,250.0,0,0,450,1,11.6,0.0,45
338,3085,"Packaged Food","Del Monte Pitted Green Olives",250.0,250.0,0,0,450,1,11.6,0.0,45
339,660,"Chocolates & Candies","Zorabian Chicken Kheema Parathas",190.0,190.0,0,0,300,1,11.6,0.0,45
340,1176,"Cooking Essentials","Zorabian Chicken Kheema Parathas",190.0,190.0,0,0,300,1,12.45,0.0,45
341,2075,"Ice Cream & Desserts","Zorabian Chicken Kheema Parathas",190.0,190.0,0,0,300,1,11.6,0.0,45
342,2654,Munchies,"Zorabian Chicken Kheema Parathas",190.0,190.0,0,0,300,1,12.45,0.0,45
343,3384,"Packaged Food","Zorabian Chicken Kheema Parathas",190.0,190.0,0,0,300,1,11.6,0.0,45
344,378,"Chocolates & Candies","Godrej Yummiez Chicken Breakfast Salami",150.0,143.0,4,0,250,1,11.6,0.0,45
345,868,"Cooking Essentials","Godrej Yummiez Chicken Breakfast Salami",150.0,143.0,4,0,250,1,12.45,0.0,45
346,1793,"Ice Cream & Desserts","Godrej Yummiez Chicken Breakfast Salami",150.0,143.0,4,0,250,1,11.6,0.0,45
347,2346,Munchies,"Godrej Yummiez Chicken Breakfast Salami",150.0,143.0,4,0,250,1,12.45,0.0,45
348,3102,"Packaged Food","Godrej Yummiez Chicken Breakfast Salami",150.0,143.0,4,0,250,1,11.6,0.0,45
349,2935,"Paan Corner","Parachute 100% Pure Coconut Oil",123.0,123.0,0,0,300,1,6.14,0.0,45
350,3667,"Personal Care","Parachute 100% Pure Coconut Oil",123.0,123.0,0,0,300,1,6.14,0.0,45
351,833,"Cooking Essentials","Everest Saffron Kesar",120.0,120.0,0,0,1,1,12.45,0.0,45
352,2311,Munchies,"Everest Saffron Kesar",120.0,120.0,0,0,1,1,12.45,0.0,45
353,1423,"Health & Hygiene","Dettol Effective Protection Antiseptic Liquid",116.0,116.0,0,0,250,1,13.4,0.0,45
354,1545,"Home & Cleaning","Dettol Effective Protection Antiseptic Liquid",116.0,116.0,0,0,250,1,9.84,0.0,45
355,2779,"Paan Corner","Godrej Cinthol Lime Refreshing Deo Soap",116.0,116.0,0,0,400,1,6.14,0.0,45
356,3511,"Personal Care","Godrej Cinthol Lime Refreshing Deo Soap",116.0,116.0,0,0,400,1,6.14,0.0,45
357,501,"Chocolates & Candies","Mother's Recipe Mixed Pickle",115.0,110.0,4,0,400,1,11.6,0.0,45
358,1916,"Ice Cream & Desserts","Mother's Recipe Mixed Pickle",115.0,110.0,4,0,400,1,11.6,0.0,45
359,3225,"Packaged Food","Mother's Recipe Mixed Pickle",115.0,110.0,4,0,400,1,11.6,0.0,45
360,1522,"Home & Cleaning","Chakaachak Eazo Grass Broom New",105.0,102.0,2,0,58,1,9.84,0.0,45
361,944,"Cooking Essentials","Patanjali Pure Honey",95.0,95.0,0,0,250,1,12.45,0.0,45
362,2422,Munchies,"Patanjali Pure Honey",95.0,95.0,0,0,250,1,12.45,0.0,45
363,1482,"Health & Hygiene","Whisper Bindazzz Nights XL + Sanitary Pad",90.0,90.0,0,0,406,1,13.4,0.0,45
364,1483,"Health & Hygiene","Whisper Choice Regular Sanitary Pads",90.0,87.0,3,0,58,1,13.4,0.0,45
365,2986,"Paan Corner","Whisper Bindazzz Nights XL + Sanitary Pad",90.0,90.0,0,0,406,1,6.14,0.0,45
366,2987,"Paan Corner","Whisper Choice Regular Sanitary Pads",90.0,87.0,3,0,58,1,6.14,0.0,45
367,3718,"Personal Care","Whisper Bindazzz Nights XL + Sanitary Pad",90.0,90.0,0,0,406,1,6.14,0.0,45
368,3719,"Personal Care","Whisper Choice Regular Sanitary Pads",90.0,87.0,3,0,58,1,6.14,0.0,45
369,1570,"Home & Cleaning","Godrej Good Night Gold Flash Liquid Vapouriser",89.0,89.0,0,0,60,1,9.84,0.0,45
370,281,"Chocolates & Candies","Amul Cheese Spread Spicy Garlic",85.0,82.0,3,0,200,1,11.6,0.0,45
371,282,"Chocolates & Candies","Amul Cheese Spread Yummy Plain",85.0,85.0,0,0,200,1,11.6,0.0,45
372,654,"Chocolates & Candies","Yummiez American Sweet Corn",85.0,85.0,0,0,400,1,11.6,0.0,45
373,1696,"Ice Cream & Desserts","Amul Cheese Spread Spicy Garlic",85.0,82.0,3,0,200,1,11.6,0.0,45
374,1697,"Ice Cream & Desserts","Amul Cheese Spread Yummy Plain",85.0,85.0,0,0,200,1,11.6,0.0,45
375,2069,"Ice Cream & Desserts","Yummiez American Sweet Corn",85.0,85.0,0,0,400,1,11.6,0.0,45
376,3005,"Packaged Food","Amul Cheese Spread Spicy Garlic",85.0,82.0,3,0,200,1,11.6,0.0,45
377,3006,"Packaged Food","Amul Cheese Spread Yummy Plain",85.0,85.0,0,0,200,1,11.6,0.0,45
378,3378,"Packaged Food","Yummiez American Sweet Corn",85.0,85.0,0,0,400,1,11.6,0.0,45
379,2789,"Paan Corner","Godrej No.1 Bathing Soap, Jasmine",84.0,84.0,0,0,400,1,6.14,0.0,45
380,3521,"Personal Care","Godrej No.1 Bathing Soap, Jasmine",84.0,84.0,0,0,400,1,6.14,0.0,45
381,365,"Chocolates & Candies","Dr Oetker Cucumber & Carrot Sandwich Spread Veg",79.0,79.0,0,0,250,1,11.6,0.0,45
382,1780,"Ice Cream & Desserts","Dr Oetker Cucumber & Carrot Sandwich Spread Veg",79.0,79.0,0,0,250,1,11.6,0.0,45
383,3089,"Packaged Food","Dr Oetker Cucumber & Carrot Sandwich Spread Veg",79.0,79.0,0,0,250,1,11.6,0.0,45
384,471,"Chocolates & Candies","Maggi Special Masala Spicy Yummy Noodles",72.0,72.0,0,0,280,1,11.6,0.0,45
385,920,"Cooking Essentials","Maggi Special Masala Spicy Yummy Noodles",72.0,72.0,0,0,280,1,12.45,0.0,45
386,1886,"Ice Cream & Desserts","Maggi Special Masala Spicy Yummy Noodles",72.0,72.0,0,0,280,1,11.6,0.0,45
387,2398,Munchies,"Maggi Special Masala Spicy Yummy Noodles",72.0,72.0,0,0,280,1,12.45,0.0,45
388,3195,"Packaged Food","Maggi Special Masala Spicy Yummy Noodles",72.0,72.0,0,0,280,1,11.6,0.0,45
389,711,"Cooking Essentials","Amul Fresh Cream",63.0,63.0,0,0,250,1,12.45,0.0,45
390,2189,Munchies,"Amul Fresh Cream",63.0,63.0,0,0,250,1,12.45,0.0,45
391,1441,"Health & Hygiene","Fine Life Cotton Balls",60.0,60.0,0,0,50,1,13.4,0.0,45
392,359,"Chocolates & Candies","Del Monte Natural Vinegar",55.0,53.0,3,0,180,1,11.6,0.0,45
393,364,"Chocolates & Candies","Del Monte Schezwan Sauce",55.0,55.0,0,0,190,1,11.6,0.0,45
394,1774,"Ice Cream & Desserts","Del Monte Natural Vinegar",55.0,53.0,3,0,180,1,11.6,0.0,45
395,1779,"Ice Cream & Desserts","Del Monte Schezwan Sauce",55.0,55.0,0,0,190,1,11.6,0.0,45
396,3083,"Packaged Food","Del Monte Natural Vinegar",55.0,53.0,3,0,180,1,11.6,0.0,45
397,3088,"Packaged Food","Del Monte Schezwan Sauce",55.0,55.0,0,0,190,1,11.6,0.0,45
398,464,"Chocolates & Candies","Maggi Chilly Chow Cuppa Noodles",50.0,50.0,0,0,70,1,11.6,0.0,45
399,914,"Cooking Essentials","Maggi Chilly Chow Cuppa Noodles",50.0,50.0,0,0,70,1,12.45,0.0,45
400,977,"Cooking Essentials","Popular Essentials Chia Seeds",50.0,49.0,2,0,100,1,12.45,0.0,45
401,1879,"Ice Cream & Desserts","Maggi Chilly Chow Cuppa Noodles",50.0,50.0,0,0,70,1,11.6,0.0,45
402,2392,Munchies,"Maggi Chilly Chow Cuppa Noodles",50.0,50.0,0,0,70,1,12.45,0.0,45
403,2455,Munchies,"Popular Essentials Chia Seeds",50.0,49.0,2,0,100,1,12.45,0.0,45
404,3188,"Packaged Food","Maggi Chilly Chow Cuppa Noodles",50.0,50.0,0,0,70,1,11.6,0.0,45
405,1167,"Cooking Essentials","Weikfield Falooda Mix - Mango",49.0,48.0,2,0,200,1,12.45,0.0,45
406,2645,Munchies,"Weikfield Falooda Mix - Mango",49.0,48.0,2,0,200,1,12.45,0.0,45
407,2700,"Paan Corner","Dabur Gulabari Premium Rose Water",48.0,47.0,2,0,120,1,6.14,0.0,45
408,3432,"Personal Care","Dabur Gulabari Premium Rose Water",48.0,47.0,2,0,120,1,6.14,0.0,45
409,842,"Cooking Essentials","Everest Tikhalal Hot & Red Chilly Powder",47.0,46.0,2,0,100,1,12.45,0.0,45
410,2320,Munchies,"Everest Tikhalal Hot & Red Chilly Powder",47.0,46.0,2,0,100,1,12.45,0.0,45
411,463,"Chocolates & Candies","Maggi 2-Minute Instant Noodles - Masala",44.0,44.0,0,0,280,1,11.6,0.0,45
412,913,"Cooking Essentials","Maggi 2-Minute Instant Noodles - Masala",44.0,44.0,0,0,280,1,12.45,0.0,45
413,1878,"Ice Cream & Desserts","Maggi 2-Minute Instant Noodles - Masala",44.0,44.0,0,0,280,1,11.6,0.0,45
414,2391,Munchies,"Maggi 2-Minute Instant Noodles - Masala",44.0,44.0,0,0,280,1,12.45,0.0,45
415,3187,"Packaged Food","Maggi 2-Minute Instant Noodles - Masala",44.0,44.0,0,0,280,1,11.6,0.0,45
416,801,"Cooking Essentials","Everest Amchur Powder",42.0,41.0,2,0,50,1,12.45,0.0,45
417,1469,"Health & Hygiene","Stayfree Secure Dry Cover Extra Large Sanitary Pad",42.0,41.0,2,0,406,1,13.4,0.0,45
418,2279,Munchies,"Everest Amchur Powder",42.0,41.0,2,0,50,1,12.45,0.0,45
419,2967,"Paan Corner","Stayfree Secure Dry Cover Extra Large Sanitary Pad",42.0,41.0,2,0,406,1,6.14,0.0,45
420,3699,"Personal Care","Stayfree Secure Dry Cover Extra Large Sanitary Pad",42.0,41.0,2,0,406,1,6.14,0.0,45
421,563,"Chocolates & Candies","Safal Frozen Corn",41.0,39.0,4,0,200,1,11.6,0.0,45
422,1384,"Fruits & Vegetables","Safal Frozen Corn",41.0,39.0,4,0,200,1,6.45,0.0,45
423,1978,"Ice Cream & Desserts","Safal Frozen Corn",41.0,39.0,4,0,200,1,11.6,0.0,45
424,3287,"Packaged Food","Safal Frozen Corn",41.0,39.0,4,0,200,1,11.6,0.0,45
425,469,"Chocolates & Candies","Maggi Magic Cubes Chicken",40.0,39.0,2,0,40,1,11.6,0.0,45
426,1439,"Health & Hygiene","Epigamia Fruit Yogurt Strawberry",40.0,20.0,50,0,75,1,13.4,0.0,45
427,1884,"Ice Cream & Desserts","Maggi Magic Cubes Chicken",40.0,39.0,2,0,40,1,11.6,0.0,45
428,3193,"Packaged Food","Maggi Magic Cubes Chicken",40.0,39.0,2,0,40,1,11.6,0.0,45
429,547,"Chocolates & Candies","Pedigree Puppy Chicken Chunks in Gravy",35.0,34.0,2,0,70,1,11.6,0.0,45
430,1150,"Cooking Essentials","Tata Tea Gold",35.0,35.0,0,0,100,1,12.45,0.0,45
431,1962,"Ice Cream & Desserts","Pedigree Puppy Chicken Chunks in Gravy",35.0,34.0,2,0,70,1,11.6,0.0,45
432,2628,Munchies,"Tata Tea Gold",35.0,35.0,0,0,100,1,12.45,0.0,45
433,3271,"Packaged Food","Pedigree Puppy Chicken Chunks in Gravy",35.0,34.0,2,0,70,1,11.6,0.0,45
434,834,"Cooking Essentials","Everest Sambhar Masala",34.0,33.0,2,0,50,1,12.45,0.0,45
435,2312,Munchies,"Everest Sambhar Masala",34.0,33.0,2,0,50,1,12.45,0.0,45
436,809,"Cooking Essentials","Everest Coriander Powder",32.0,31.0,3,0,100,1,12.45,0.0,45
437,2287,Munchies,"Everest Coriander Powder",32.0,31.0,3,0,100,1,12.45,0.0,45
438,811,"Cooking Essentials","Everest Cumin Powder (Jeera)",30.0,29.0,3,0,50,1,12.45,0.0,45
439,1419,"Health & Hygiene","Dettol Antiseptic Liquid",30.0,30.0,0,0,60,1,13.4,0.0,45
440,1468,"Health & Hygiene","Stayfree Secure Cottony Soft Cover Sanitary Pad (Regular) with Wings",30.0,29.0,3,0,406,1,13.4,0.0,45
441,1543,"Home & Cleaning","Dettol Antiseptic Liquid",30.0,30.0,0,0,60,1,9.84,0.0,45
442,2289,Munchies,"Everest Cumin Powder (Jeera)",30.0,29.0,3,0,50,1,12.45,0.0,45
443,2966,"Paan Corner","Stayfree Secure Cottony Soft Cover Sanitary Pad (Regular) with Wings",30.0,29.0,3,0,406,1,6.14,0.0,45
444,3698,"Personal Care","Stayfree Secure Cottony Soft Cover Sanitary Pad (Regular) with Wings",30.0,29.0,3,0,406,1,6.14,0.0,45
445,460,"Chocolates & Candies","MTR Vegetable Upma",25.0,25.0,0,0,60,1,11.6,0.0,45
446,1685,"Home & Cleaning","Ujala Superme For Super Whiteness Of Clothes",25.0,25.0,0,0,75,1,9.84,0.0,45
447,1875,"Ice Cream & Desserts","MTR Vegetable Upma",25.0,25.0,0,0,60,1,11.6,0.0,45
448,3184,"Packaged Food","MTR Vegetable Upma",25.0,25.0,0,0,60,1,11.6,0.0,45
449,511,"Chocolates & Candies","Mothers Recipe Rice Papad Ajwain",24.0,24.0,0,0,75,1,11.6,0.0,45
450,1926,"Ice Cream & Desserts","Mothers Recipe Rice Papad Ajwain",24.0,24.0,0,0,75,1,11.6,0.0,45
451,3235,"Packaged Food","Mothers Recipe Rice Papad Ajwain",24.0,24.0,0,0,75,1,11.6,0.0,45
452,1688,"Home & Cleaning","Vim Dishwash Bar",23.0,22.0,4,0,300,1,9.84,0.0,45
453,442,"Chocolates & Candies","Kurkure Green Chutney, Rajasthani Style",20.0,20.0,0,0,90,1,11.6,0.0,45
454,1008,"Cooking Essentials","Popular Essentials Mustard Seeds Rai Big",20.0,20.0,0,0,100,1,12.45,0.0,45
455,1857,"Ice Cream & Desserts","Kurkure Green Chutney, Rajasthani Style",20.0,20.0,0,0,90,1,11.6,0.0,45
456,2486,Munchies,"Popular Essentials Mustard Seeds Rai Big",20.0,20.0,0,0,100,1,12.45,0.0,45
457,3166,"Packaged Food","Kurkure Green Chutney, Rajasthani Style",20.0,20.0,0,0,90,1,11.6,0.0,45
458,566,"Chocolates & Candies","Saffola Oats 100 % Natural",15.0,15.0,0,0,38,1,11.6,0.0,45
459,1087,"Cooking Essentials","Saffola Oats 100 % Natural",15.0,15.0,0,0,38,1,12.45,0.0,45
460,1981,"Ice Cream & Desserts","Saffola Oats 100 % Natural",15.0,15.0,0,0,38,1,11.6,0.0,45
461,2565,Munchies,"Saffola Oats 100 % Natural",15.0,15.0,0,0,38,1,12.45,0.0,45
462,3290,"Packaged Food","Saffola Oats 100 % Natural",15.0,15.0,0,0,38,1,11.6,0.0,45
463,306,"Chocolates & Candies","Ching's Chow Mein Hakka Noodles Masala",10.0,10.0,0,0,20,1,11.6,0.0,45
464,745,"Cooking Essentials","Ching's Chow Mein Hakka Noodles Masala",10.0,10.0,0,0,20,1,12.45,0.0,45
465,1649,"Home & Cleaning","Rin Detergent Bar",10.0,10.0,0,0,140,1,9.84,0.0,45
466,1721,"Ice Cream & Desserts","Ching's Chow Mein Hakka Noodles Masala",10.0,10.0,0,0,20,1,11.6,0.0,45
467,2223,Munchies,"Ching's Chow Mein Hakka Noodles Masala",10.0,10.0,0,0,20,1,12.45,0.0,45
468,3030,"Packaged Food","Ching's Chow Mein Hakka Noodles Masala",10.0,10.0,0,0,20,1,11.6,0.0,45
469,2924,"Paan Corner","Pampers Premium Care Pants - Large",1099.0,899.0,18,2,44,0,6.14,1798.0,40
470,3656,"Personal Care","Pampers Premium Care Pants - Large",1099.0,899.0,18,2,44,0,6.14,1798.0,40
471,787,"Cooking Essentials","Dhara Filtered Groundnut Oil (Jar)",1050.0,1050.0,0,2,5000,0,12.45,2100.0,40
472,2265,Munchies,"Dhara Filtered Groundnut Oil (Jar)",1050.0,1050.0,0,2,5000,0,12.45,2100.0,40
473,2922,"Paan Corner","Pampers Pants - Medium",699.0,549.0,21,1,50,0,6.14,549.0,40
474,3654,"Personal Care","Pampers Pants - Medium",699.0,549.0,21,1,50,0,6.14,549.0,40
475,2957,"Paan Corner","Sebamed Anti - Dandruff Shampoo",600.0,540.0,10,2,200,0,6.14,1080.0,40
476,3689,"Personal Care","Sebamed Anti - Dandruff Shampoo",600.0,540.0,10,2,200,0,6.14,1080.0,40
477,2874,"Paan Corner","Mamaearth Skin Correct Face Serum",599.0,509.0,15,1,30,0,6.14,509.0,40
478,3606,"Personal Care","Mamaearth Skin Correct Face Serum",599.0,509.0,15,1,30,0,6.14,509.0,40
479,291,"Chocolates & Candies","Bagrrys Fruit N Fibre Muesli - Strawberry",595.0,595.0,0,1,1000,0,11.6,595.0,40
480,1706,"Ice Cream & Desserts","Bagrrys Fruit N Fibre Muesli - Strawberry",595.0,595.0,0,1,1000,0,11.6,595.0,40
481,3015,"Packaged Food","Bagrrys Fruit N Fibre Muesli - Strawberry",595.0,595.0,0,1,1000,0,11.6,595.0,40
482,718,"Cooking Essentials","Amul Pure Ghee (Pouch)",505.0,499.0,1,2,1000,0,12.45,998.0,40
483,2196,Munchies,"Amul Pure Ghee (Pouch)",505.0,499.0,1,2,1000,0,12.45,998.0,40
484,2125,"Meats, Fish & Eggs","TGFC Basa Fillets",329.0,247.0,24,1,500,0,19.05,247.0,40
485,2114,"Meats, Fish & Eggs","Godrej Yummiez Chicken Nuggets",325.0,293.0,9,1,500,0,19.05,293.0,40
486,2126,"Meats, Fish & Eggs","TGFC Bombay Duck Whole Cleaned",319.0,274.0,14,1,500,0,19.05,274.0,40
487,2103,"Meats, Fish & Eggs","Godrej Real Good Chicken Drumstick",265.0,239.0,9,2,500,0,19.05,478.0,40
488,2128,"Meats, Fish & Eggs","TGFC Chicken Boneless Fresh Whole",261.0,222.0,14,1,500,0,19.05,222.0,40
489,2129,"Meats, Fish & Eggs","TGFC Chicken Curry Cut Fresh",249.0,186.0,25,1,500,0,19.05,186.0,40
490,2094,"Meats, Fish & Eggs","Fresh Chicken Boneless Cubes (Halal)",215.0,204.0,5,1,500,0,19.05,204.0,40
491,2109,"Meats, Fish & Eggs","Godrej Real Good Chicken Marinated Lollipop",200.0,180.0,10,2,580,0,19.05,360.0,40
492,2108,"Meats, Fish & Eggs","Godrej Real Good Chicken Lollypop",175.0,158.0,9,1,580,0,19.05,158.0,40
493,181,Biscuits,"Britannia Toastea Premium Bake Rusk",110.0,94.0,14,1,700,0,28.57,94.0,40
494,141,Biscuits,"Britannia Bourbon Biscuit Buy 4 Get 1 Free",80.0,72.0,10,2,500,0,28.57,144.0,40
495,519,"Chocolates & Candies","Nestle Nan Pro 4 Follow Up Formula Powder For Older Infants",620.0,620.0,0,1,400,0,11.6,620.0,35
496,1934,"Ice Cream & Desserts","Nestle Nan Pro 4 Follow Up Formula Powder For Older Infants",620.0,620.0,0,1,400,0,11.6,620.0,35
497,2850,"Paan Corner","L'Oreal Paris Excellence Creme Hair Color, 1 Black",620.0,620.0,0,1,172,0,6.14,620.0,35
498,2853,"Paan Corner","L'Oreal Paris Excellence Creme Hair Color, 4 Natural Brown/Natural Dark Brown",620.0,620.0,0,1,172,0,6.14,620.0,35
499,3243,"Packaged Food","Nestle Nan Pro 4 Follow Up Formula Powder For Older Infants",620.0,620.0,0,1,400,0,11.6,620.0,35
500,3582,"Personal Care","L'Oreal Paris Excellence Creme Hair Color, 1 Black",620.0,620.0,0,1,172,0,6.14,620.0,35
501,3585,"Personal Care","L'Oreal Paris Excellence Creme Hair Color, 4 Natural Brown/Natural Dark Brown",620.0,620.0,0,1,172,0,6.14,620.0,35
502,542,"Chocolates & Candies","Pediasure Premium Chocolate Powdered Health Drink",610.0,610.0,0,2,400,0,11.6,1220.0,35
503,1957,"Ice Cream & Desserts","Pediasure Premium Chocolate Powdered Health Drink",610.0,610.0,0,2,400,0,11.6,1220.0,35
504,3266,"Packaged Food","Pediasure Premium Chocolate Powdered Health Drink",610.0,610.0,0,2,400,0,11.6,1220.0,35
505,1494,"Health & Hygiene","Whisper Ultra Soft XL+ Sanitary Pads",555.0,555.0,0,1,60,0,13.4,555.0,35
506,2998,"Paan Corner","Whisper Ultra Soft XL+ Sanitary Pads",555.0,555.0,0,1,60,0,6.14,555.0,35
507,3730,"Personal Care","Whisper Ultra Soft XL+ Sanitary Pads",555.0,555.0,0,1,60,0,6.14,555.0,35
508,2098,"Meats, Fish & Eggs","Fresh Mutton Curry Cut Cubes (Halal)",465.0,442.0,4,1,500,0,19.05,442.0,35
509,10,Beverages,"Amul Cheese Slices",360.0,359.0,0,1,750,0,21.71,359.0,35
510,1188,"Dairy, Bread & Batter","Amul Cheese Slices",360.0,359.0,0,1,750,0,21.71,359.0,35
511,2127,"Meats, Fish & Eggs","TGFC Catla Bengali Cut",290.0,204.0,29,1,500,0,19.05,204.0,35
512,2131,"Meats, Fish & Eggs","TGFC Tilapia Curry Cut",259.0,147.0,43,1,500,0,19.05,147.0,35
513,2130,"Meats, Fish & Eggs","TGFC Rohu Bengali Cut",249.0,179.0,28,1,500,0,19.05,179.0,35
514,2111,"Meats, Fish & Eggs","Godrej Real Good Marinated Hot & Grill Chicken",245.0,221.0,9,2,450,0,19.05,442.0,35
515,2106,"Meats, Fish & Eggs","Godrej Real Good Chicken Legs",210.0,189.0,10,1,116,0,19.05,189.0,35
516,2141,"Meats, Fish & Eggs","Zorabian Chicken Smoked Ham",205.0,194.0,5,1,250,0,19.05,194.0,35
517,63,Beverages,"Funfoods Peanut Butter Crunchy",169.0,156.0,7,1,400,0,21.71,156.0,35
518,1241,"Dairy, Bread & Batter","Funfoods Peanut Butter Crunchy",169.0,156.0,7,1,400,0,21.71,156.0,35
519,2097,"Meats, Fish & Eggs","Fresh Chicken Whole Leg - Skinless (Halal)",165.0,157.0,4,1,500,0,19.05,157.0,35
520,2142,"Meats, Fish & Eggs","Zorabian Pre Cut Chicken Skinless (Half)",165.0,165.0,0,1,500,0,19.05,165.0,35
521,222,Biscuits,"Orion Choco Pie - Chocolate Coated Soft Biscuit",150.0,112.0,25,2,336,0,28.57,224.0,35
522,209,Biscuits,"Lotte Choco Pie",140.0,131.0,6,2,336,0,28.57,262.0,35
523,15,Beverages,"Amul Delicious Fat Spread - Cholesterol Free",88.0,86.0,2,2,500,0,21.71,172.0,35
524,1193,"Dairy, Bread & Batter","Amul Delicious Fat Spread - Cholesterol Free",88.0,86.0,2,2,500,0,21.71,172.0,35
525,2107,"Meats, Fish & Eggs","Godrej Real Good Chicken Liver Sealed",75.0,68.0,9,1,200,0,19.05,68.0,35
526,196,Biscuits,"Cadbury Oreo Dipped Biscuit",70.0,63.0,10,1,150,0,28.57,63.0,35
527,258,Biscuits,"The Bake Shop Methi Khari Simply Delicious",65.0,61.0,6,2,200,0,28.57,122.0,35
528,261,Biscuits,"The Bake Shop Whole Wheat Bread Sticks",60.0,56.0,6,1,100,0,28.57,56.0,35
529,263,Biscuits,"The Bake Shop Whole Wheat Multigrain Toast (Rusk)",60.0,56.0,6,2,200,0,28.57,112.0,35
530,221,Biscuits,"Open Secret White Choco Tiffin Pack",35.0,27.0,22,1,25,0,28.57,27.0,35
531,245,Biscuits,"Sunfeast Marie Light",23.0,20.0,13,1,200,0,28.57,20.0,35
532,186,Biscuits,"Britannia Treat Croissant Vanilla Creme Roll",20.0,18.0,10,2,47,0,28.57,36.0,35
533,1081,"Cooking Essentials","Saffola 100% Pure Honey",475.0,437.0,8,2,1000,0,12.45,874.0,30
534,2559,Munchies,"Saffola 100% Pure Honey",475.0,437.0,8,2,1000,0,12.45,874.0,30
535,399,"Chocolates & Candies","Kellogg's Corn Flakes",425.0,383.0,9,1,1000,0,11.6,383.0,30
536,1814,"Ice Cream & Desserts","Kellogg's Corn Flakes",425.0,383.0,9,1,1000,0,11.6,383.0,30
537,3123,"Packaged Food","Kellogg's Corn Flakes",425.0,383.0,9,1,1000,0,11.6,383.0,30
538,1450,"Health & Hygiene","Kapiva Wild Tulsi Giloy Juice |",400.0,340.0,15,1,1000,0,13.4,340.0,30
539,198,Biscuits,"Danish Butter Cookies",350.0,350.0,0,1,400,0,28.57,350.0,30
540,380,"Chocolates & Candies","Godrej Yummiez Chicken Nuggets",325.0,293.0,9,1,500,0,11.6,293.0,30
541,869,"Cooking Essentials","Godrej Yummiez Chicken Nuggets",325.0,293.0,9,1,500,0,12.45,293.0,30
542,1795,"Ice Cream & Desserts","Godrej Yummiez Chicken Nuggets",325.0,293.0,9,1,500,0,11.6,293.0,30
543,2347,Munchies,"Godrej Yummiez Chicken Nuggets",325.0,293.0,9,1,500,0,12.45,293.0,30
544,3104,"Packaged Food","Godrej Yummiez Chicken Nuggets",325.0,293.0,9,1,500,0,11.6,293.0,30
545,1078,"Cooking Essentials","RRO Primio Refined Groundnut Oil Pet Bottle",255.0,239.0,6,2,1000,0,12.45,478.0,30
546,2556,Munchies,"RRO Primio Refined Groundnut Oil Pet Bottle",255.0,239.0,6,2,1000,0,12.45,478.0,30
547,1430,"Health & Hygiene","Durex Extra Ribbed Condoms",245.0,220.0,10,2,580,0,13.4,440.0,30
548,2139,"Meats, Fish & Eggs","Zorabian Chicken Legs Skinless",210.0,210.0,0,1,450,0,19.05,210.0,30
549,59,Beverages,"Epigamia Greek Yogurt - Natural",200.0,200.0,0,1,400,0,21.71,200.0,30
550,1237,"Dairy, Bread & Batter","Epigamia Greek Yogurt - Natural",200.0,200.0,0,1,400,0,21.71,200.0,30
551,1680,"Home & Cleaning","Surf Excel Matic Top Load Detergent Powder",200.0,188.0,6,1,1000,0,9.84,188.0,30
552,568,"Chocolates & Candies","Saffola Veggie Twist Masala Oats",195.0,171.0,12,2,500,0,11.6,342.0,30
553,1090,"Cooking Essentials","Saffola Veggie Twist Masala Oats",195.0,171.0,12,2,500,0,12.45,342.0,30
554,1983,"Ice Cream & Desserts","Saffola Veggie Twist Masala Oats",195.0,171.0,12,2,500,0,11.6,342.0,30
555,2568,Munchies,"Saffola Veggie Twist Masala Oats",195.0,171.0,12,2,500,0,12.45,342.0,30
556,3292,"Packaged Food","Saffola Veggie Twist Masala Oats",195.0,171.0,12,2,500,0,11.6,342.0,30
557,1690,"Home & Cleaning","Vim Dishwash Liquid Gel Lemon",185.0,175.0,5,1,750,0,9.84,175.0,30
558,1152,"Cooking Essentials","TilSona Til Oil",180.0,162.0,10,2,500,0,12.45,324.0,30
559,2630,Munchies,"TilSona Til Oil",180.0,162.0,10,2,500,0,12.45,324.0,30
560,466,"Chocolates & Candies","Maggi Hot & Sweet - Tomato Chilli Sauce",170.0,153.0,10,1,1000,0,11.6,153.0,30
561,1881,"Ice Cream & Desserts","Maggi Hot & Sweet - Tomato Chilli Sauce",170.0,153.0,10,1,1000,0,11.6,153.0,30
562,3190,"Packaged Food","Maggi Hot & Sweet - Tomato Chilli Sauce",170.0,153.0,10,1,1000,0,11.6,153.0,30
563,62,Beverages,"Funfoods Peanut Butter Creamy",169.0,169.0,0,1,400,0,21.71,169.0,30
564,1240,"Dairy, Bread & Batter","Funfoods Peanut Butter Creamy",169.0,169.0,0,1,400,0,21.71,169.0,30
565,425,"Chocolates & Candies","Kissan Pineapple Jam",165.0,149.0,9,1,500,0,11.6,149.0,30
566,1840,"Ice Cream & Desserts","Kissan Pineapple Jam",165.0,149.0,9,1,500,0,11.6,149.0,30
567,3149,"Packaged Food","Kissan Pineapple Jam",165.0,149.0,9,1,500,0,11.6,149.0,30
568,116,Beverages,"The Laughing Cow Cheese Slices",155.0,155.0,0,2,200,0,21.71,310.0,30
569,1294,"Dairy, Bread & Batter","The Laughing Cow Cheese Slices",155.0,155.0,0,2,200,0,21.71,310.0,30
570,682,"Cooking Essentials","24 Mantra Organic Peanuts",135.0,125.0,7,1,500,0,12.45,125.0,30
571,2160,Munchies,"24 Mantra Organic Peanuts",135.0,125.0,7,1,500,0,12.45,125.0,30
572,1143,"Cooking Essentials","Tata Sampann Unpolished Chana Dal",95.0,89.0,6,2,1000,0,12.45,178.0,30
573,2621,Munchies,"Tata Sampann Unpolished Chana Dal",95.0,89.0,6,2,1000,0,12.45,178.0,30
574,8,Beverages,"Amul Cheese Sauce Mexican Salsa",75.0,72.0,4,1,200,0,21.71,72.0,30
575,686,"Cooking Essentials","24 Mantra Organic Red Poha",75.0,69.0,8,1,500,0,12.45,69.0,30
576,1186,"Dairy, Bread & Batter","Amul Cheese Sauce Mexican Salsa",75.0,72.0,4,1,200,0,21.71,72.0,30
577,2164,Munchies,"24 Mantra Organic Red Poha",75.0,69.0,8,1,500,0,12.45,69.0,30
578,228,Biscuits,"Parle Hide & Seek Choco Rolls",60.0,60.0,0,1,120,0,28.57,60.0,30
579,242,Biscuits,"Sunfeast Farmlite 5 Seed Digestive",60.0,60.0,0,2,250,0,28.57,120.0,30
580,155,Biscuits,"Britannia Good Day Pista Badam",45.0,44.0,2,1,200,0,28.57,44.0,30
581,166,Biscuits,"Britannia Nutri Choice Digestive Biscuit",45.0,45.0,0,1,200,0,28.57,45.0,30
582,205,Biscuits,"Dukes Waffy Strawberry Wafers",45.0,22.0,51,2,60,0,28.57,44.0,30
583,215,Biscuits,"McVitie's Oat Cookies",45.0,45.0,0,2,120,0,28.57,90.0,30
584,108,Beverages,"The Bake Shop Foot Long",40.0,40.0,0,1,200,0,21.71,40.0,30
585,1286,"Dairy, Bread & Batter","The Bake Shop Foot Long",40.0,40.0,0,1,200,0,21.71,40.0,30
586,110,Beverages,"The Bake Shop Pizza Base",30.0,30.0,0,1,150,0,21.71,30.0,30
587,112,Beverages,"The Bake Shop Premium White Sandwich Bread",30.0,30.0,0,1,400,0,21.71,30.0,30
588,226,Biscuits,"Parle Hide & Seek Choco Rolls",30.0,30.0,0,1,75,0,28.57,30.0,30
589,229,Biscuits,"Parle Hide & Seek Cookies With Added Almonds",30.0,29.0,3,1,100,0,28.57,29.0,30
590,1288,"Dairy, Bread & Batter","The Bake Shop Pizza Base",30.0,30.0,0,1,150,0,21.71,30.0,30
591,1290,"Dairy, Bread & Batter","The Bake Shop Premium White Sandwich Bread",30.0,30.0,0,1,400,0,21.71,30.0,30
592,134,Biscuits,"Bauli Moonfils Choco Veg Puff Roll",15.0,15.0,0,2,45,0,28.57,30.0,30
593,1517,"Home & Cleaning","Ariel Matic Top Load Detergent Washing Powder",499.0,499.0,0,1,2000,0,9.84,499.0,25
594,2698,"Paan Corner","Comfy Baby Pants XL 12-17 kg",429.0,364.0,15,1,24,0,6.14,364.0,25
595,3430,"Personal Care","Comfy Baby Pants XL 12-17 kg",429.0,364.0,15,1,24,0,6.14,364.0,25
596,640,"Chocolates & Candies","Whiskas Adult Pocket Tuna Cat Food",410.0,410.0,0,1,1200,0,11.6,410.0,25
597,2055,"Ice Cream & Desserts","Whiskas Adult Pocket Tuna Cat Food",410.0,410.0,0,1,1200,0,11.6,410.0,25
598,3364,"Packaged Food","Whiskas Adult Pocket Tuna Cat Food",410.0,410.0,0,1,1200,0,11.6,410.0,25
599,732,"Cooking Essentials","Borges Extra Virgin Olive Oil",400.0,299.0,25,1,250,0,12.45,299.0,25
600,2210,Munchies,"Borges Extra Virgin Olive Oil",400.0,299.0,25,1,250,0,12.45,299.0,25
601,2876,"Paan Corner","Mamaearth Ubtan Face Scrub Turmeric & Walnut",349.0,314.0,10,1,100,0,6.14,314.0,25
602,3608,"Personal Care","Mamaearth Ubtan Face Scrub Turmeric & Walnut",349.0,314.0,10,1,100,0,6.14,314.0,25
603,403,"Chocolates & Candies","Kellogg's Crunchy Granola Honey, Almonds, Strawberries & Pumpkin Seeds",330.0,294.0,10,1,450,0,11.6,294.0,25
604,766,"Cooking Essentials","Dabur 100% Pure Honey",330.0,297.0,10,1,400,0,12.45,297.0,25
605,1818,"Ice Cream & Desserts","Kellogg's Crunchy Granola Honey, Almonds, Strawberries & Pumpkin Seeds",330.0,294.0,10,1,450,0,11.6,294.0,25
606,2244,Munchies,"Dabur 100% Pure Honey",330.0,297.0,10,1,400,0,12.45,297.0,25
607,3127,"Packaged Food","Kellogg's Crunchy Granola Honey, Almonds, Strawberries & Pumpkin Seeds",330.0,294.0,10,1,450,0,11.6,294.0,25
608,844,"Cooking Essentials","Figaro Pure Olive Oil",325.0,299.0,8,1,200,0,12.45,299.0,25
609,2322,Munchies,"Figaro Pure Olive Oil",325.0,299.0,8,1,200,0,12.45,299.0,25
610,2899,"Paan Corner","Nivea Soft Moisturizing Cream",310.0,272.0,12,1,200,0,6.14,272.0,25
611,3631,"Personal Care","Nivea Soft Moisturizing Cream",310.0,272.0,12,1,200,0,6.14,272.0,25
612,2813,"Paan Corner","Himalaya Baby Lotion",300.0,264.0,12,1,400,0,6.14,264.0,25
613,3545,"Personal Care","Himalaya Baby Lotion",300.0,264.0,12,1,400,0,6.14,264.0,25
614,1506,"Home & Cleaning","Ambi Pur Car Freshener Gel - Relaxing Lavender",299.0,269.0,10,2,75,0,9.84,538.0,25
615,2724,"Paan Corner","Dove Dryness Care Shampoo",268.0,252.0,5,1,340,0,6.14,252.0,25
616,3456,"Personal Care","Dove Dryness Care Shampoo",268.0,252.0,5,1,340,0,6.14,252.0,25
617,2808,"Paan Corner","Himalaya Anti Dandruff Shampoo",260.0,213.0,18,1,400,0,6.14,213.0,25
618,3540,"Personal Care","Himalaya Anti Dandruff Shampoo",260.0,213.0,18,1,400,0,6.14,213.0,25
619,2931,"Paan Corner","Pantene Hair Fall Control Shampoo",240.0,221.0,7,2,340,0,6.14,442.0,25
620,3663,"Personal Care","Pantene Hair Fall Control Shampoo",240.0,221.0,7,2,340,0,6.14,442.0,25
621,879,"Cooking Essentials","Hershey's Caramel Syrup",230.0,230.0,0,1,623,0,12.45,230.0,25
622,2357,Munchies,"Hershey's Caramel Syrup",230.0,230.0,0,1,623,0,12.45,230.0,25
623,2811,"Paan Corner","Himalaya Anti-Hair Fall Shampoo",230.0,188.0,18,1,400,0,6.14,188.0,25
624,3543,"Personal Care","Himalaya Anti-Hair Fall Shampoo",230.0,188.0,18,1,400,0,6.14,188.0,25
625,366,"Chocolates & Candies","Ferrero Nutella Hazelnut Spread",220.0,207.0,5,2,180,0,11.6,414.0,25
626,1781,"Ice Cream & Desserts","Ferrero Nutella Hazelnut Spread",220.0,207.0,5,2,180,0,11.6,414.0,25
627,3090,"Packaged Food","Ferrero Nutella Hazelnut Spread",220.0,207.0,5,2,180,0,11.6,414.0,25
628,856,"Cooking Essentials","Fortune Soya Health Refined Soybean Oil",210.0,206.0,1,2,1000,0,12.45,412.0,25
629,1687,"Home & Cleaning","Vanish All in One Powder Detergent Booster",210.0,189.0,10,2,400,0,9.84,378.0,25
630,2334,Munchies,"Fortune Soya Health Refined Soybean Oil",210.0,206.0,1,2,1000,0,12.45,412.0,25
631,2973,"Paan Corner","TRESemme Smooth And Shine Conditioner",210.0,182.0,13,1,190,0,6.14,182.0,25
632,3705,"Personal Care","TRESemme Smooth And Shine Conditioner",210.0,182.0,13,1,190,0,6.14,182.0,25
633,661,"Chocolates & Candies","Zorabian Chicken Smoked Ham",205.0,194.0,5,1,250,0,11.6,194.0,25
634,1177,"Cooking Essentials","Zorabian Chicken Smoked Ham",205.0,194.0,5,1,250,0,12.45,194.0,25
635,1457,"Health & Hygiene","Organic India Brahmi Bottle",205.0,164.0,20,1,60,0,13.4,164.0,25
636,2076,"Ice Cream & Desserts","Zorabian Chicken Smoked Ham",205.0,194.0,5,1,250,0,11.6,194.0,25
637,2655,Munchies,"Zorabian Chicken Smoked Ham",205.0,194.0,5,1,250,0,12.45,194.0,25
638,3385,"Packaged Food","Zorabian Chicken Smoked Ham",205.0,194.0,5,1,250,0,11.6,194.0,25
639,645,"Chocolates & Candies","Wingreens Farms Chipotle Dip",200.0,150.0,25,1,180,0,11.6,150.0,25
640,909,"Cooking Essentials","MTR Vada Breakfast",200.0,200.0,0,1,500,0,12.45,200.0,25
641,2060,"Ice Cream & Desserts","Wingreens Farms Chipotle Dip",200.0,150.0,25,1,180,0,11.6,150.0,25
642,2387,Munchies,"MTR Vada Breakfast",200.0,200.0,0,1,500,0,12.45,200.0,25
643,2814,"Paan Corner","Himalaya Baby Nourishing Massage Oil",200.0,160.0,20,2,200,0,6.14,320.0,25
644,3369,"Packaged Food","Wingreens Farms Chipotle Dip",200.0,150.0,25,1,180,0,11.6,150.0,25
645,3546,"Personal Care","Himalaya Baby Nourishing Massage Oil",200.0,160.0,20,2,200,0,6.14,320.0,25
646,2900,"Paan Corner","Nivea Women Deodorant Fresh Natural Long Lasting Freshness & 48h Protection",199.0,159.0,20,2,150,0,6.14,318.0,25
647,2914,"Paan Corner","Palmolive Aroma Absolute Relax Shower Gel",199.0,159.0,20,2,250,0,6.14,318.0,25
648,3632,"Personal Care","Nivea Women Deodorant Fresh Natural Long Lasting Freshness & 48h Protection",199.0,159.0,20,2,150,0,6.14,318.0,25
649,3646,"Personal Care","Palmolive Aroma Absolute Relax Shower Gel",199.0,159.0,20,2,250,0,6.14,318.0,25
650,1597,"Home & Cleaning","Mortein Cockroach Killer Spray, Crawling insect killer with Deep-Reach Nozzle",189.0,179.0,5,2,425,0,9.84,358.0,25
651,2821,"Paan Corner","Himalaya Men Pimple Clear Neem Face Wash",180.0,163.0,9,2,100,0,6.14,326.0,25
652,2950,"Paan Corner","Santoor Almond Soft With Sandal & Almond Milk",180.0,180.0,0,2,625,0,6.14,360.0,25
653,3553,"Personal Care","Himalaya Men Pimple Clear Neem Face Wash",180.0,163.0,9,2,100,0,6.14,326.0,25
654,3682,"Personal Care","Santoor Almond Soft With Sandal & Almond Milk",180.0,180.0,0,2,625,0,6.14,360.0,25
655,372,"Chocolates & Candies","Funfoods Peanut Butter Crunchy",169.0,156.0,7,1,400,0,11.6,156.0,25
656,1787,"Ice Cream & Desserts","Funfoods Peanut Butter Crunchy",169.0,156.0,7,1,400,0,11.6,156.0,25
657,3096,"Packaged Food","Funfoods Peanut Butter Crunchy",169.0,156.0,7,1,400,0,11.6,156.0,25
658,936,"Cooking Essentials","On1y Pepper Grinder",159.0,144.0,9,1,50,0,12.45,144.0,25
659,2414,Munchies,"On1y Pepper Grinder",159.0,144.0,9,1,50,0,12.45,144.0,25
660,1547,"Home & Cleaning","Eveready 1012 Carbon Zinc AAA Battery",150.0,143.0,4,2,580,0,9.84,286.0,25
661,1568,"Home & Cleaning","Godrej Aer Spray Fresh Lush Green",150.0,126.0,16,2,240,0,9.84,252.0,25
662,1608,"Home & Cleaning","Odonil Room Air Freshener Spray - Lavender Mist",150.0,132.0,12,1,137,0,9.84,132.0,25
663,1686,"Home & Cleaning","Uno Playing Card Game",149.0,135.0,9,2,58,0,9.84,270.0,25
664,1479,"Health & Hygiene","Vicks VapoRub",145.0,129.0,11,2,50,0,13.4,258.0,25
665,413,"Chocolates & Candies","Kellogg's Special K Original Corn Flakes",140.0,133.0,5,1,290,0,11.6,133.0,25
666,1828,"Ice Cream & Desserts","Kellogg's Special K Original Corn Flakes",140.0,133.0,5,1,290,0,11.6,133.0,25
667,2806,"Paan Corner","Himalaya Anti Dandruff Shampoo",140.0,126.0,10,1,200,0,6.14,126.0,25
668,2807,"Paan Corner","Himalaya Anti Dandruff Shampoo",140.0,128.0,8,2,200,0,6.14,256.0,25
669,3137,"Packaged Food","Kellogg's Special K Original Corn Flakes",140.0,133.0,5,1,290,0,11.6,133.0,25
670,3538,"Personal Care","Himalaya Anti Dandruff Shampoo",140.0,126.0,10,1,200,0,6.14,126.0,25
671,3539,"Personal Care","Himalaya Anti Dandruff Shampoo",140.0,128.0,8,2,200,0,6.14,256.0,25
672,454,"Chocolates & Candies","MTR Ready To Eat Paneer Butter Masala",135.0,122.0,9,2,300,0,11.6,244.0,25
673,676,"Cooking Essentials","24 Mantra Organic Green Moong Dal - Split",135.0,135.0,0,2,500,0,12.45,270.0,25
674,1585,"Home & Cleaning","Kiwi Dranex Drain Cleaner",135.0,122.0,9,1,348,0,9.84,122.0,25
675,1869,"Ice Cream & Desserts","MTR Ready To Eat Paneer Butter Masala",135.0,122.0,9,2,300,0,11.6,244.0,25
676,2154,Munchies,"24 Mantra Organic Green Moong Dal - Split",135.0,135.0,0,2,500,0,12.45,270.0,25
677,3178,"Packaged Food","MTR Ready To Eat Paneer Butter Masala",135.0,122.0,9,2,300,0,11.6,244.0,25
678,1413,"Health & Hygiene","Dabur Hajmola Maha Candy - Aam+Imli",130.0,123.0,5,1,130,0,13.4,123.0,25
679,2670,"Paan Corner","Clean & Clear Pimple Clearing Face Wash",130.0,117.0,10,2,80,0,6.14,234.0,25
680,2809,"Paan Corner","Himalaya Anti Hair Fall Shampoo",130.0,114.0,12,2,200,0,6.14,228.0,25
681,2883,"Paan Corner","Neutrogena Deep Clean Foaming Cleanser",130.0,115.0,11,2,50,0,6.14,230.0,25
682,2902,"Paan Corner","Nycil Germ Expert Cool Herbal Talc",130.0,119.0,8,1,150,0,6.14,119.0,25
683,3402,"Personal Care","Clean & Clear Pimple Clearing Face Wash",130.0,117.0,10,2,80,0,6.14,234.0,25
684,3541,"Personal Care","Himalaya Anti Hair Fall Shampoo",130.0,114.0,12,2,200,0,6.14,228.0,25
685,3615,"Personal Care","Neutrogena Deep Clean Foaming Cleanser",130.0,115.0,11,2,50,0,6.14,230.0,25
686,3634,"Personal Care","Nycil Germ Expert Cool Herbal Talc",130.0,119.0,8,1,150,0,6.14,119.0,25
687,475,"Chocolates & Candies","McCain Chilli Garlic Potato Bites Crunchy Potato Nuggets",125.0,118.0,5,1,420,0,11.6,118.0,25
688,1890,"Ice Cream & Desserts","McCain Chilli Garlic Potato Bites Crunchy Potato Nuggets",125.0,118.0,5,1,420,0,11.6,118.0,25
689,3199,"Packaged Food","McCain Chilli Garlic Potato Bites Crunchy Potato Nuggets",125.0,118.0,5,1,420,0,11.6,118.0,25
690,477,"Chocolates & Candies","McCain French Fries",120.0,114.0,5,1,420,0,11.6,114.0,25
691,497,"Chocolates & Candies","Mother's Recipe Lime Pickle",120.0,114.0,5,1,400,0,11.6,114.0,25
692,1892,"Ice Cream & Desserts","McCain French Fries",120.0,114.0,5,1,420,0,11.6,114.0,25
693,1912,"Ice Cream & Desserts","Mother's Recipe Lime Pickle",120.0,114.0,5,1,400,0,11.6,114.0,25
694,3201,"Packaged Food","McCain French Fries",120.0,114.0,5,1,420,0,11.6,114.0,25
695,3221,"Packaged Food","Mother's Recipe Lime Pickle",120.0,114.0,5,1,400,0,11.6,114.0,25
696,467,"Chocolates & Candies","Maggi Hot & Sweet Tomato Chilli Sauce",115.0,115.0,0,1,500,0,11.6,115.0,25
697,1882,"Ice Cream & Desserts","Maggi Hot & Sweet Tomato Chilli Sauce",115.0,115.0,0,1,500,0,11.6,115.0,25
698,3191,"Packaged Food","Maggi Hot & Sweet Tomato Chilli Sauce",115.0,115.0,0,1,500,0,11.6,115.0,25
699,2678,"Paan Corner","Colgate Herbal Toothpaste",114.0,93.0,18,2,200,0,6.14,186.0,25
700,3410,"Personal Care","Colgate Herbal Toothpaste",114.0,93.0,18,2,200,0,6.14,186.0,25
701,561,"Chocolates & Candies","Safal Frozen - Mixed Vegetables",110.0,105.0,4,2,1000,0,11.6,210.0,25
702,1382,"Fruits & Vegetables","Safal Frozen - Mixed Vegetables",110.0,105.0,4,2,1000,0,6.45,210.0,25
703,1976,"Ice Cream & Desserts","Safal Frozen - Mixed Vegetables",110.0,105.0,4,2,1000,0,11.6,210.0,25
704,3285,"Packaged Food","Safal Frozen - Mixed Vegetables",110.0,105.0,4,2,1000,0,11.6,210.0,25
705,470,"Chocolates & Candies","Maggi Rich Tomato Ketchup",105.0,100.0,4,2,500,0,11.6,200.0,25
706,1885,"Ice Cream & Desserts","Maggi Rich Tomato Ketchup",105.0,100.0,4,2,500,0,11.6,200.0,25
707,3194,"Packaged Food","Maggi Rich Tomato Ketchup",105.0,100.0,4,2,500,0,11.6,200.0,25
708,2682,"Paan Corner","Colgate Max Fresh Cooling Crystals Toothpaste",101.0,95.0,5,2,150,0,6.14,190.0,25
709,3414,"Personal Care","Colgate Max Fresh Cooling Crystals Toothpaste",101.0,95.0,5,2,150,0,6.14,190.0,25
710,893,"Cooking Essentials","Jivana Jaggery",100.0,100.0,0,2,950,0,12.45,200.0,25
711,2371,Munchies,"Jivana Jaggery",100.0,100.0,0,2,950,0,12.45,200.0,25
712,1135,"Cooking Essentials","Tata Sampann High Protien Kabuli Chana",94.0,94.0,0,1,500,0,12.45,94.0,25
713,2613,Munchies,"Tata Sampann High Protien Kabuli Chana",94.0,94.0,0,1,500,0,12.45,94.0,25
714,817,"Cooking Essentials","Everest Hingraj Powder",90.0,81.0,10,2,50,0,12.45,162.0,25
715,2295,Munchies,"Everest Hingraj Powder",90.0,81.0,10,2,50,0,12.45,162.0,25
716,2718,"Paan Corner","Dove Daily Shine Conditioner",90.0,81.0,10,1,80,0,6.14,81.0,25
717,3450,"Personal Care","Dove Daily Shine Conditioner",90.0,81.0,10,1,80,0,6.14,81.0,25
718,899,"Cooking Essentials","Keya Wonder Red Hot Chilli Flakes",89.0,80.0,10,2,40,0,12.45,160.0,25
719,2377,Munchies,"Keya Wonder Red Hot Chilli Flakes",89.0,80.0,10,2,40,0,12.45,160.0,25
720,284,"Chocolates & Candies","Amul Delicious Fat Spread - Cholesterol Free",88.0,86.0,2,2,500,0,11.6,172.0,25
721,1699,"Ice Cream & Desserts","Amul Delicious Fat Spread - Cholesterol Free",88.0,86.0,2,2,500,0,11.6,172.0,25
722,3008,"Packaged Food","Amul Delicious Fat Spread - Cholesterol Free",88.0,86.0,2,2,500,0,11.6,172.0,25
723,317,"Chocolates & Candies","Ching's Secret Green Chilli Sauce",85.0,81.0,4,1,680,0,11.6,81.0,25
724,500,"Chocolates & Candies","Mother's Recipe Mixed Pickle",85.0,77.0,9,2,300,0,11.6,154.0,25
725,1581,"Home & Cleaning","Hem Mantra Masala Agarbatti",85.0,79.0,7,1,50,0,9.84,79.0,25
726,1732,"Ice Cream & Desserts","Ching's Secret Green Chilli Sauce",85.0,81.0,4,1,680,0,11.6,81.0,25
727,1915,"Ice Cream & Desserts","Mother's Recipe Mixed Pickle",85.0,77.0,9,2,300,0,11.6,154.0,25
728,3041,"Packaged Food","Ching's Secret Green Chilli Sauce",85.0,81.0,4,1,680,0,11.6,81.0,25
729,3224,"Packaged Food","Mother's Recipe Mixed Pickle",85.0,77.0,9,2,300,0,11.6,154.0,25
730,2702,"Paan Corner","Dabur Gulabari Rose Water Daily Glow",80.0,75.0,6,2,250,0,6.14,150.0,25
731,2817,"Paan Corner","Himalaya Diaper Rash Cream",80.0,72.0,10,2,20,0,6.14,144.0,25
732,3434,"Personal Care","Dabur Gulabari Rose Water Daily Glow",80.0,75.0,6,2,250,0,6.14,150.0,25
733,3549,"Personal Care","Himalaya Diaper Rash Cream",80.0,72.0,10,2,20,0,6.14,144.0,25
734,626,"Chocolates & Candies","Veeba English Mustard",74.0,69.0,6,2,300,0,11.6,138.0,25
735,797,"Cooking Essentials","Eastern Super Garam Masala",74.0,69.0,6,2,200,0,12.45,138.0,25
736,2041,"Ice Cream & Desserts","Veeba English Mustard",74.0,69.0,6,2,300,0,11.6,138.0,25
737,2275,Munchies,"Eastern Super Garam Masala",74.0,69.0,6,2,200,0,12.45,138.0,25
738,3350,"Packaged Food","Veeba English Mustard",74.0,69.0,6,2,300,0,11.6,138.0,25
739,674,"Cooking Essentials","24 Mantra Organic Cumin",70.0,65.0,7,2,100,0,12.45,130.0,25
740,694,"Cooking Essentials","24 Mantra Red Chilly Whole",70.0,65.0,7,1,100,0,12.45,65.0,25
741,823,"Cooking Essentials","Everest Kitchen King Masala",70.0,60.0,14,2,100,0,12.45,120.0,25
742,2152,Munchies,"24 Mantra Organic Cumin",70.0,65.0,7,2,100,0,12.45,130.0,25
743,2172,Munchies,"24 Mantra Red Chilly Whole",70.0,65.0,7,1,100,0,12.45,65.0,25
744,2301,Munchies,"Everest Kitchen King Masala",70.0,60.0,14,2,100,0,12.45,120.0,25
745,704,"Cooking Essentials","Aashirvaad Multigrain Atta",64.0,62.0,3,2,1000,0,12.45,124.0,25
746,2182,Munchies,"Aashirvaad Multigrain Atta",64.0,62.0,3,2,1000,0,12.45,124.0,25
747,316,"Chocolates & Candies","Ching's Secret Chowmein Hakka Noodles Masala",60.0,54.0,10,2,100,0,11.6,108.0,25
748,615,"Chocolates & Candies","Top Ramen Chicken Noodles",60.0,54.0,10,1,280,0,11.6,54.0,25
749,646,"Chocolates & Candies","Wingreens Farms Tangy Cheese Pita Chips & Mexican Salsa Dip",60.0,51.0,15,1,70,0,11.6,51.0,25
750,1156,"Cooking Essentials","Top Ramen Chicken Noodles",60.0,54.0,10,1,280,0,12.45,54.0,25
751,1731,"Ice Cream & Desserts","Ching's Secret Chowmein Hakka Noodles Masala",60.0,54.0,10,2,100,0,11.6,108.0,25
752,2030,"Ice Cream & Desserts","Top Ramen Chicken Noodles",60.0,54.0,10,1,280,0,11.6,54.0,25
753,2061,"Ice Cream & Desserts","Wingreens Farms Tangy Cheese Pita Chips & Mexican Salsa Dip",60.0,51.0,15,1,70,0,11.6,51.0,25
754,2634,Munchies,"Top Ramen Chicken Noodles",60.0,54.0,10,1,280,0,12.45,54.0,25
755,3040,"Packaged Food","Ching's Secret Chowmein Hakka Noodles Masala",60.0,54.0,10,2,100,0,11.6,108.0,25
756,3339,"Packaged Food","Top Ramen Chicken Noodles",60.0,54.0,10,1,280,0,11.6,54.0,25
757,3370,"Packaged Food","Wingreens Farms Tangy Cheese Pita Chips & Mexican Salsa Dip",60.0,51.0,15,1,70,0,11.6,51.0,25
758,1375,"Fruits & Vegetables","Pomegranate Peeled",58.0,49.0,15,2,100,0,6.45,98.0,25
759,512,"Chocolates & Candies","Mothers Recipe Tamrind Date Chutney",55.0,50.0,9,2,200,0,11.6,100.0,25
760,840,"Cooking Essentials","Everest Tea Masala",55.0,50.0,9,2,50,0,12.45,100.0,25
761,1646,"Home & Cleaning","Pril Bar Tub",55.0,55.0,0,1,500,0,9.84,55.0,25
762,1927,"Ice Cream & Desserts","Mothers Recipe Tamrind Date Chutney",55.0,50.0,9,2,200,0,11.6,100.0,25
763,2318,Munchies,"Everest Tea Masala",55.0,50.0,9,2,50,0,12.45,100.0,25
764,3236,"Packaged Food","Mothers Recipe Tamrind Date Chutney",55.0,50.0,9,2,200,0,11.6,100.0,25
765,523,"Chocolates & Candies","Nissin Cup Noodles Tangy Tomato",50.0,45.0,10,2,70,0,11.6,90.0,25
766,649,"Chocolates & Candies","Yoga Bar Breakfast Protein Bar - Blueberry Pie",50.0,44.0,12,1,50,0,11.6,44.0,25
767,930,"Cooking Essentials","Nissin Cup Noodles Tangy Tomato",50.0,45.0,10,2,70,0,12.45,90.0,25
768,958,"Cooking Essentials","Popular Essentials Ajwain Whole",50.0,44.0,12,2,100,0,12.45,88.0,25
769,1938,"Ice Cream & Desserts","Nissin Cup Noodles Tangy Tomato",50.0,45.0,10,2,70,0,11.6,90.0,25
770,2064,"Ice Cream & Desserts","Yoga Bar Breakfast Protein Bar - Blueberry Pie",50.0,44.0,12,1,50,0,11.6,44.0,25
771,2408,Munchies,"Nissin Cup Noodles Tangy Tomato",50.0,45.0,10,2,70,0,12.45,90.0,25
772,2436,Munchies,"Popular Essentials Ajwain Whole",50.0,44.0,12,2,100,0,12.45,88.0,25
773,3247,"Packaged Food","Nissin Cup Noodles Tangy Tomato",50.0,45.0,10,2,70,0,11.6,90.0,25
774,3373,"Packaged Food","Yoga Bar Breakfast Protein Bar - Blueberry Pie",50.0,44.0,12,1,50,0,11.6,44.0,25
775,692,"Cooking Essentials","24 Mantra Organic Wheat Daliya",48.0,47.0,2,2,500,0,12.45,94.0,25
776,2170,Munchies,"24 Mantra Organic Wheat Daliya",48.0,47.0,2,2,500,0,12.45,94.0,25
777,1444,"Health & Hygiene","Hajmola Anardana Digestive Tablets",45.0,42.0,6,2,120,0,13.4,84.0,25
778,1049,"Cooking Essentials","Popular Essentials White Til",40.0,38.0,5,1,100,0,12.45,38.0,25
779,2527,Munchies,"Popular Essentials White Til",40.0,38.0,5,1,100,0,12.45,38.0,25
780,643,"Chocolates & Candies","Whiskas Wet  Meal (Kitten - Cat Food)  Chicken in Gravy",35.0,33.0,5,2,85,0,11.6,66.0,25
781,2058,"Ice Cream & Desserts","Whiskas Wet  Meal (Kitten - Cat Food)  Chicken in Gravy",35.0,33.0,5,2,85,0,11.6,66.0,25
782,3367,"Packaged Food","Whiskas Wet  Meal (Kitten - Cat Food)  Chicken in Gravy",35.0,33.0,5,2,85,0,11.6,66.0,25
783,583,"Chocolates & Candies","Sunfeast Yippee Tricolor Pasta Seasoning",28.0,23.0,17,1,65,0,11.6,23.0,25
784,587,"Chocolates & Candies","Sunfeast Yippee! Pasta Treat - Sour Cream Onion",28.0,25.0,10,1,65,0,11.6,25.0,25
785,1128,"Cooking Essentials","Sunfeast Yippee! Pasta Treat - Sour Cream Onion",28.0,25.0,10,1,65,0,12.45,25.0,25
786,1998,"Ice Cream & Desserts","Sunfeast Yippee Tricolor Pasta Seasoning",28.0,23.0,17,1,65,0,11.6,23.0,25
787,2002,"Ice Cream & Desserts","Sunfeast Yippee! Pasta Treat - Sour Cream Onion",28.0,25.0,10,1,65,0,11.6,25.0,25
788,2606,Munchies,"Sunfeast Yippee! Pasta Treat - Sour Cream Onion",28.0,25.0,10,1,65,0,12.45,25.0,25
789,3307,"Packaged Food","Sunfeast Yippee Tricolor Pasta Seasoning",28.0,23.0,17,1,65,0,11.6,23.0,25
790,3311,"Packaged Food","Sunfeast Yippee! Pasta Treat - Sour Cream Onion",28.0,25.0,10,1,65,0,11.6,25.0,25
791,1388,"Fruits & Vegetables","Sponge Gourd",25.0,21.0,16,2,300,0,6.45,42.0,25
792,1317,"Fruits & Vegetables","Banana Leaf",12.0,10.0,16,2,58,0,6.45,20.0,25
793,2877,"Paan Corner","Mamaearth Vitamin C Face Toner",399.0,399.0,0,1,200,0,6.14,399.0,20
794,3609,"Personal Care","Mamaearth Vitamin C Face Toner",399.0,399.0,0,1,200,0,6.14,399.0,20
795,1404,"Health & Hygiene","Bombay Shaving Company Sensitive Cartridges",375.0,375.0,0,2,116,0,13.4,750.0,20
796,2663,"Paan Corner","Bombay Shaving Company Sensitive Cartridges",375.0,375.0,0,2,116,0,6.14,750.0,20
797,2799,"Paan Corner","Head & Shoulders 2-in-1 Cool Menthol Anti Dandruff Shampoo + Conditioner",375.0,375.0,0,1,340,0,6.14,375.0,20
798,3395,"Personal Care","Bombay Shaving Company Sensitive Cartridges",375.0,375.0,0,2,116,0,6.14,750.0,20
799,3531,"Personal Care","Head & Shoulders 2-in-1 Cool Menthol Anti Dandruff Shampoo + Conditioner",375.0,375.0,0,1,340,0,6.14,375.0,20
800,877,"Cooking Essentials","Happilo Premium Afghani Anjeer",365.0,256.0,29,2,200,0,12.45,512.0,20
801,2355,Munchies,"Happilo Premium Afghani Anjeer",365.0,256.0,29,2,200,0,12.45,512.0,20
802,2804,"Paan Corner","Head & Shoulders Shampoo + Conditioner - 2-In-1, Cool Menthol",365.0,365.0,0,1,340,0,6.14,365.0,20
803,3536,"Personal Care","Head & Shoulders Shampoo + Conditioner - 2-In-1, Cool Menthol",365.0,365.0,0,1,340,0,6.14,365.0,20
804,518,"Chocolates & Candies","Nestle Lactogen Stage 2 Follow-up Formula Powder",340.0,340.0,0,2,400,0,11.6,680.0,20
805,1933,"Ice Cream & Desserts","Nestle Lactogen Stage 2 Follow-up Formula Powder",340.0,340.0,0,2,400,0,11.6,680.0,20
806,3242,"Packaged Food","Nestle Lactogen Stage 2 Follow-up Formula Powder",340.0,340.0,0,2,400,0,11.6,680.0,20
807,1631,"Home & Cleaning","Origami Luxuria Kitchen Towel 300 Pulls Single",320.0,320.0,0,2,58,0,9.84,640.0,20
808,521,"Chocolates & Candies","Nestlé CERELAC Baby Cereal with Milk",272.0,272.0,0,1,300,0,11.6,272.0,20
809,1936,"Ice Cream & Desserts","Nestlé CERELAC Baby Cereal with Milk",272.0,272.0,0,1,300,0,11.6,272.0,20
810,3245,"Packaged Food","Nestlé CERELAC Baby Cereal with Milk",272.0,272.0,0,1,300,0,11.6,272.0,20
811,1446,"Health & Hygiene","Horlicks Protein Plus Chocolate",270.0,270.0,0,2,200,0,13.4,540.0,20
812,2857,"Paan Corner","L'Oreal Paris Total Repair 5 Shampoo",265.0,265.0,0,2,396,0,6.14,530.0,20
813,3589,"Personal Care","L'Oreal Paris Total Repair 5 Shampoo",265.0,265.0,0,2,396,0,6.14,530.0,20
814,356,"Chocolates & Candies","Del Monte Black Sliced Olives",250.0,250.0,0,1,450,0,11.6,250.0,20
815,1771,"Ice Cream & Desserts","Del Monte Black Sliced Olives",250.0,250.0,0,1,450,0,11.6,250.0,20
816,2905,"Paan Corner","Old Spice Original After Shave Lotion",250.0,250.0,0,1,150,0,6.14,250.0,20
817,3080,"Packaged Food","Del Monte Black Sliced Olives",250.0,250.0,0,1,450,0,11.6,250.0,20
818,3637,"Personal Care","Old Spice Original After Shave Lotion",250.0,250.0,0,1,150,0,6.14,250.0,20
819,820,"Cooking Essentials","Everest Kesari Milk Masala",205.0,205.0,0,2,50,0,12.45,410.0,20
820,2298,Munchies,"Everest Kesari Milk Masala",205.0,205.0,0,2,50,0,12.45,410.0,20
821,427,"Chocolates & Candies","Kitchens Of India Chicken Chettinad",200.0,140.0,30,1,285,0,11.6,140.0,20
822,887,"Cooking Essentials","Hersheys Chocolate Almond Syrup",200.0,200.0,0,2,450,0,12.45,400.0,20
823,1660,"Home & Cleaning","Scotch Brite Sponge Wipes",200.0,200.0,0,2,174,0,9.84,400.0,20
824,1842,"Ice Cream & Desserts","Kitchens Of India Chicken Chettinad",200.0,140.0,30,1,285,0,11.6,140.0,20
825,2365,Munchies,"Hersheys Chocolate Almond Syrup",200.0,200.0,0,2,450,0,12.45,400.0,20
826,3151,"Packaged Food","Kitchens Of India Chicken Chettinad",200.0,140.0,30,1,285,0,11.6,140.0,20
827,918,"Cooking Essentials","Maggi Magic Cubes Extra Chicken",199.0,199.0,0,2,240,0,12.45,398.0,20
828,2396,Munchies,"Maggi Magic Cubes Extra Chicken",199.0,199.0,0,2,240,0,12.45,398.0,20
829,2847,"Paan Corner","L'Oreal Paris Dream Lengths Conditioner",199.0,199.0,0,1,193,0,6.14,199.0,20
830,2960,"Paan Corner","Set Wet Deodrant Charm Avatar",199.0,199.0,0,1,150,0,6.14,199.0,20
831,2962,"Paan Corner","Set Wet Swag Avatar Deodorant & Body Spray Perfume For Men",199.0,199.0,0,1,150,0,6.14,199.0,20
832,3579,"Personal Care","L'Oreal Paris Dream Lengths Conditioner",199.0,199.0,0,1,193,0,6.14,199.0,20
833,3692,"Personal Care","Set Wet Deodrant Charm Avatar",199.0,199.0,0,1,150,0,6.14,199.0,20
834,3694,"Personal Care","Set Wet Swag Avatar Deodorant & Body Spray Perfume For Men",199.0,199.0,0,1,150,0,6.14,199.0,20
835,2956,"Paan Corner","Scalpe Pro Anti dandruff Shampoo 100ml",185.0,185.0,0,2,100,0,6.14,370.0,20
836,3688,"Personal Care","Scalpe Pro Anti dandruff Shampoo 100ml",185.0,185.0,0,2,100,0,6.14,370.0,20
837,2762,"Paan Corner","Garnier Color Naturals Crème Hair Color, Shade 5 Light Brown",180.0,180.0,0,1,100,0,6.14,180.0,20
838,2907,"Paan Corner","Oral-B Charcoal Cross Cross Extra Soft Toothbrush (Buy 2 Get 1 Free)",180.0,180.0,0,1,174,0,6.14,180.0,20
839,3494,"Personal Care","Garnier Color Naturals Crème Hair Color, Shade 5 Light Brown",180.0,180.0,0,1,100,0,6.14,180.0,20
840,3639,"Personal Care","Oral-B Charcoal Cross Cross Extra Soft Toothbrush (Buy 2 Get 1 Free)",180.0,180.0,0,1,174,0,6.14,180.0,20
841,386,"Chocolates & Candies","ITC Master Chef Chicken Galouti Kebab",170.0,162.0,4,2,210,0,11.6,324.0,20
842,1801,"Ice Cream & Desserts","ITC Master Chef Chicken Galouti Kebab",170.0,162.0,4,2,210,0,11.6,324.0,20
843,3110,"Packaged Food","ITC Master Chef Chicken Galouti Kebab",170.0,162.0,4,2,210,0,11.6,324.0,20
844,371,"Chocolates & Candies","Funfoods Peanut Butter Creamy",169.0,169.0,0,1,400,0,11.6,169.0,20
845,1786,"Ice Cream & Desserts","Funfoods Peanut Butter Creamy",169.0,169.0,0,1,400,0,11.6,169.0,20
846,3095,"Packaged Food","Funfoods Peanut Butter Creamy",169.0,169.0,0,1,400,0,11.6,169.0,20
847,1549,"Home & Cleaning","Eveready Base B22 9-Watt LED Bulb",150.0,150.0,0,2,58,0,9.84,300.0,20
848,2840,"Paan Corner","L'Oreal 6 Oil Nourish Conditioner",135.0,135.0,0,1,192,0,6.14,135.0,20
849,3572,"Personal Care","L'Oreal 6 Oil Nourish Conditioner",135.0,135.0,0,1,192,0,6.14,135.0,20
850,474,"Chocolates & Candies","McCain Chilli Cheesy Nuggets",130.0,124.0,4,1,250,0,11.6,124.0,20
851,1889,"Ice Cream & Desserts","McCain Chilli Cheesy Nuggets",130.0,124.0,4,1,250,0,11.6,124.0,20
852,3198,"Packaged Food","McCain Chilli Cheesy Nuggets",130.0,124.0,4,1,250,0,11.6,124.0,20
853,481,"Chocolates & Candies","McCain New Mini Samosa with Cheese Corn Style Filling",120.0,118.0,1,2,240,0,11.6,236.0,20
854,499,"Chocolates & Candies","Mother's Recipe Mango Pickle",120.0,120.0,0,1,400,0,11.6,120.0,20
855,922,"Cooking Essentials","McCain New Mini Samosa with Cheese Corn Style Filling",120.0,118.0,1,2,240,0,12.45,236.0,20
856,1896,"Ice Cream & Desserts","McCain New Mini Samosa with Cheese Corn Style Filling",120.0,118.0,1,2,240,0,11.6,236.0,20
857,1914,"Ice Cream & Desserts","Mother's Recipe Mango Pickle",120.0,120.0,0,1,400,0,11.6,120.0,20
858,2400,Munchies,"McCain New Mini Samosa with Cheese Corn Style Filling",120.0,118.0,1,2,240,0,12.45,236.0,20
859,3205,"Packaged Food","McCain New Mini Samosa with Cheese Corn Style Filling",120.0,118.0,1,2,240,0,11.6,236.0,20
860,3223,"Packaged Food","Mother's Recipe Mango Pickle",120.0,120.0,0,1,400,0,11.6,120.0,20
861,426,"Chocolates & Candies","Kitchen Of India Ready-To-Eat Pindi Channa",110.0,77.0,30,2,285,0,11.6,154.0,20
862,429,"Chocolates & Candies","Kitchens Of India Dal Makhani",110.0,77.0,30,1,285,0,11.6,77.0,20
863,436,"Chocolates & Candies","Kitchens of India Dal Makhani",110.0,77.0,30,2,285,0,11.6,154.0,20
864,1841,"Ice Cream & Desserts","Kitchen Of India Ready-To-Eat Pindi Channa",110.0,77.0,30,2,285,0,11.6,154.0,20
865,1844,"Ice Cream & Desserts","Kitchens Of India Dal Makhani",110.0,77.0,30,1,285,0,11.6,77.0,20
866,1851,"Ice Cream & Desserts","Kitchens of India Dal Makhani",110.0,77.0,30,2,285,0,11.6,154.0,20
867,3150,"Packaged Food","Kitchen Of India Ready-To-Eat Pindi Channa",110.0,77.0,30,2,285,0,11.6,154.0,20
868,3153,"Packaged Food","Kitchens Of India Dal Makhani",110.0,77.0,30,1,285,0,11.6,77.0,20
869,3160,"Packaged Food","Kitchens of India Dal Makhani",110.0,77.0,30,2,285,0,11.6,154.0,20
870,2671,"Paan Corner","Clinic Plus Strength & Shine Shampoo With Egg Protein",105.0,105.0,0,2,175,0,6.14,210.0,20
871,3403,"Personal Care","Clinic Plus Strength & Shine Shampoo With Egg Protein",105.0,105.0,0,2,175,0,6.14,210.0,20
872,1648,"Home & Cleaning","Pril Power Of Active Boosters",102.0,102.0,0,1,400,0,9.84,102.0,20
873,737,"Cooking Essentials","Catch Black Pepper Sprinkler",100.0,100.0,0,1,50,0,12.45,100.0,20
874,2215,Munchies,"Catch Black Pepper Sprinkler",100.0,100.0,0,1,50,0,12.45,100.0,20
875,2704,"Paan Corner","Dabur Meswak Toothpaste",100.0,100.0,0,1,200,0,6.14,100.0,20
876,3436,"Personal Care","Dabur Meswak Toothpaste",100.0,100.0,0,1,200,0,6.14,100.0,20
877,644,"Chocolates & Candies","Wingreens Cheesy Chipotle Sauce",99.0,50.0,49,1,130,0,11.6,50.0,20
878,1405,"Health & Hygiene","Dabur - Chyawanprash",99.0,99.0,0,1,250,0,13.4,99.0,20
879,2059,"Ice Cream & Desserts","Wingreens Cheesy Chipotle Sauce",99.0,50.0,49,1,130,0,11.6,50.0,20
880,2908,"Paan Corner","Oral-B Charcoal Deep Clean Stain Removal Toothbrush Medium",99.0,99.0,0,1,232,0,6.14,99.0,20
881,3368,"Packaged Food","Wingreens Cheesy Chipotle Sauce",99.0,50.0,49,1,130,0,11.6,50.0,20
882,3640,"Personal Care","Oral-B Charcoal Deep Clean Stain Removal Toothbrush Medium",99.0,99.0,0,1,232,0,6.14,99.0,20
883,886,"Cooking Essentials","Hershey's Syrup Delicious Strawberry",95.0,95.0,0,1,200,0,12.45,95.0,20
884,2364,Munchies,"Hershey's Syrup Delicious Strawberry",95.0,95.0,0,1,200,0,12.45,95.0,20
885,2699,"Paan Corner","Dabur Amla Hair Oil",88.0,88.0,0,2,180,0,6.14,176.0,20
886,3431,"Personal Care","Dabur Amla Hair Oil",88.0,88.0,0,2,180,0,6.14,176.0,20
887,618,"Chocolates & Candies","Top Ramen Noodles, Atta",80.0,80.0,0,1,280,0,11.6,80.0,20
888,1158,"Cooking Essentials","Top Ramen Noodles, Atta",80.0,80.0,0,1,280,0,12.45,80.0,20
889,1637,"Home & Cleaning","Origami So Soft Tissue Roll Single - 340 Pulls 3 Ply",80.0,80.0,0,1,58,0,9.84,80.0,20
890,2033,"Ice Cream & Desserts","Top Ramen Noodles, Atta",80.0,80.0,0,1,280,0,11.6,80.0,20
891,2636,Munchies,"Top Ramen Noodles, Atta",80.0,80.0,0,1,280,0,12.45,80.0,20
892,2763,"Paan Corner","Garnier Colour Naturals Hair Colour - 1 Natural Black",80.0,80.0,0,1,60,0,6.14,80.0,20
893,3342,"Packaged Food","Top Ramen Noodles, Atta",80.0,80.0,0,1,280,0,11.6,80.0,20
894,3495,"Personal Care","Garnier Colour Naturals Hair Colour - 1 Natural Black",80.0,80.0,0,1,60,0,6.14,80.0,20
895,554,"Chocolates & Candies","Quaker Oats",79.0,79.0,0,2,400,0,11.6,158.0,20
896,1073,"Cooking Essentials","Quaker Oats",79.0,79.0,0,2,400,0,12.45,158.0,20
897,1969,"Ice Cream & Desserts","Quaker Oats",79.0,79.0,0,2,400,0,11.6,158.0,20
898,2551,Munchies,"Quaker Oats",79.0,79.0,0,2,400,0,12.45,158.0,20
899,3278,"Packaged Food","Quaker Oats",79.0,79.0,0,2,400,0,11.6,158.0,20
900,1116,"Cooking Essentials","Sugarfree Natural Green Stevia Leaves Zero Calorie",75.0,75.0,0,2,100,0,12.45,150.0,20
901,2594,Munchies,"Sugarfree Natural Green Stevia Leaves Zero Calorie",75.0,75.0,0,2,100,0,12.45,150.0,20
902,828,"Cooking Essentials","Everest Pav Bhaji Masala",70.0,70.0,0,2,100,0,12.45,140.0,20
903,2306,Munchies,"Everest Pav Bhaji Masala",70.0,70.0,0,2,100,0,12.45,140.0,20
904,285,"Chocolates & Candies","Amul Happy Treats French Fries",68.0,65.0,4,1,425,0,11.6,65.0,20
905,1700,"Ice Cream & Desserts","Amul Happy Treats French Fries",68.0,65.0,4,1,425,0,11.6,65.0,20
906,3009,"Packaged Food","Amul Happy Treats French Fries",68.0,65.0,4,1,425,0,11.6,65.0,20
907,310,"Chocolates & Candies","Ching's Schezwan Masala Instant Noodles",60.0,60.0,0,1,240,0,11.6,60.0,20
908,749,"Cooking Essentials","Ching's Schezwan Masala Instant Noodles",60.0,60.0,0,1,240,0,12.45,60.0,20
909,1725,"Ice Cream & Desserts","Ching's Schezwan Masala Instant Noodles",60.0,60.0,0,1,240,0,11.6,60.0,20
910,2227,Munchies,"Ching's Schezwan Masala Instant Noodles",60.0,60.0,0,1,240,0,12.45,60.0,20
911,3034,"Packaged Food","Ching's Schezwan Masala Instant Noodles",60.0,60.0,0,1,240,0,11.6,60.0,20
912,438,"Chocolates & Candies","Knorr Chinese Hot And Sour Veg Soup",55.0,53.0,3,1,43,0,11.6,53.0,20
913,441,"Chocolates & Candies","Knorr Sweet Corn Chicken Soup",55.0,55.0,0,2,42,0,11.6,110.0,20
914,456,"Chocolates & Candies","MTR Roasted Vermicelli",55.0,55.0,0,1,400,0,11.6,55.0,20
915,1611,"Home & Cleaning","Odonil Zipper Blissful Citrus",55.0,55.0,0,1,10,0,9.84,55.0,20
916,1853,"Ice Cream & Desserts","Knorr Chinese Hot And Sour Veg Soup",55.0,53.0,3,1,43,0,11.6,53.0,20
917,1856,"Ice Cream & Desserts","Knorr Sweet Corn Chicken Soup",55.0,55.0,0,2,42,0,11.6,110.0,20
918,1871,"Ice Cream & Desserts","MTR Roasted Vermicelli",55.0,55.0,0,1,400,0,11.6,55.0,20
919,3162,"Packaged Food","Knorr Chinese Hot And Sour Veg Soup",55.0,53.0,3,1,43,0,11.6,53.0,20
920,3165,"Packaged Food","Knorr Sweet Corn Chicken Soup",55.0,55.0,0,2,42,0,11.6,110.0,20
921,3180,"Packaged Food","MTR Roasted Vermicelli",55.0,55.0,0,1,400,0,11.6,55.0,20
922,509,"Chocolates & Candies","Mother's Recipe Tamarind Paste",50.0,49.0,2,2,200,0,11.6,98.0,20
923,926,"Cooking Essentials","Mother's Recipe Tamarind Paste",50.0,49.0,2,2,200,0,12.45,98.0,20
924,1088,"Cooking Essentials","Saffola Soya Chunks Mealmaker",50.0,50.0,0,2,200,0,12.45,100.0,20
925,1524,"Home & Cleaning","Chakaachak Floor Pocha Large",50.0,50.0,0,1,58,0,9.84,50.0,20
926,1924,"Ice Cream & Desserts","Mother's Recipe Tamarind Paste",50.0,49.0,2,2,200,0,11.6,98.0,20
927,2404,Munchies,"Mother's Recipe Tamarind Paste",50.0,49.0,2,2,200,0,12.45,98.0,20
928,2566,Munchies,"Saffola Soya Chunks Mealmaker",50.0,50.0,0,2,200,0,12.45,100.0,20
929,2673,"Paan Corner","Closeup Everfresh+ Anti-Germ Gel Toothpaste Red Hot",50.0,49.0,2,1,80,0,6.14,49.0,20
930,3233,"Packaged Food","Mother's Recipe Tamarind Paste",50.0,49.0,2,2,200,0,11.6,98.0,20
931,3405,"Personal Care","Closeup Everfresh+ Anti-Germ Gel Toothpaste Red Hot",50.0,49.0,2,1,80,0,6.14,49.0,20
932,315,"Chocolates & Candies","Ching's Secret Chowmein Hakka Noodles Masala",44.0,44.0,0,2,60,0,11.6,88.0,20
933,751,"Cooking Essentials","Ching's Secret Chowmein Hakka Noodles Masala",44.0,44.0,0,2,60,0,12.45,88.0,20
934,1730,"Ice Cream & Desserts","Ching's Secret Chowmein Hakka Noodles Masala",44.0,44.0,0,2,60,0,11.6,88.0,20
935,2229,Munchies,"Ching's Secret Chowmein Hakka Noodles Masala",44.0,44.0,0,2,60,0,12.45,88.0,20
936,3039,"Packaged Food","Ching's Secret Chowmein Hakka Noodles Masala",44.0,44.0,0,2,60,0,11.6,88.0,20
937,458,"Chocolates & Candies","MTR Seviyan Vermicelli",42.0,42.0,0,2,400,0,11.6,84.0,20
938,814,"Cooking Essentials","Everest Garam Masala",42.0,41.0,2,2,50,0,12.45,82.0,20
939,1873,"Ice Cream & Desserts","MTR Seviyan Vermicelli",42.0,42.0,0,2,400,0,11.6,84.0,20
940,2292,Munchies,"Everest Garam Masala",42.0,41.0,2,2,50,0,12.45,82.0,20
941,3182,"Packaged Food","MTR Seviyan Vermicelli",42.0,42.0,0,2,400,0,11.6,84.0,20
942,993,"Cooking Essentials","Popular Essentials Guntur Chilli Stemless",40.0,39.0,2,2,100,0,12.45,78.0,20
943,1526,"Home & Cleaning","Chakaachak Mini Cloth Brush",40.0,39.0,2,1,58,0,9.84,39.0,20
944,2471,Munchies,"Popular Essentials Guntur Chilli Stemless",40.0,39.0,2,2,100,0,12.45,78.0,20
945,805,"Cooking Essentials","Everest Chicken Masala",39.0,38.0,2,1,50,0,12.45,38.0,20
946,2283,Munchies,"Everest Chicken Masala",39.0,38.0,2,1,50,0,12.45,38.0,20
947,642,"Chocolates & Candies","Whiskas Wet  Meal (Adult - Cat Food)  Chicken in Gravy",35.0,34.0,2,2,85,0,11.6,68.0,20
948,666,"Cooking Essentials","""Maggi Magic Cubes, Vegetarian Masala""",35.0,34.0,2,1,40,0,12.45,34.0,20
949,803,"Cooking Essentials","Everest Chaat Masala",35.0,34.0,2,1,50,0,12.45,34.0,20
950,1529,"Home & Cleaning","Chakaachak Super Scrub Pad (Pack of 3)",35.0,34.0,2,2,174,0,9.84,68.0,20
951,2057,"Ice Cream & Desserts","Whiskas Wet  Meal (Adult - Cat Food)  Chicken in Gravy",35.0,34.0,2,2,85,0,11.6,68.0,20
952,2144,Munchies,"""Maggi Magic Cubes, Vegetarian Masala""",35.0,34.0,2,1,40,0,12.45,34.0,20
953,2281,Munchies,"Everest Chaat Masala",35.0,34.0,2,1,50,0,12.45,34.0,20
954,3366,"Packaged Food","Whiskas Wet  Meal (Adult - Cat Food)  Chicken in Gravy",35.0,34.0,2,2,85,0,11.6,68.0,20
955,808,"Cooking Essentials","Everest Chole Masala",33.0,32.0,3,1,50,0,12.45,32.0,20
956,2286,Munchies,"Everest Chole Masala",33.0,32.0,3,1,50,0,12.45,32.0,20
957,1485,"Health & Hygiene","Whisper Choice Regular Wing Sanitary Pad",30.0,30.0,0,2,406,0,13.4,60.0,20
958,2989,"Paan Corner","Whisper Choice Regular Wing Sanitary Pad",30.0,30.0,0,2,406,0,6.14,60.0,20
959,3721,"Personal Care","Whisper Choice Regular Wing Sanitary Pad",30.0,30.0,0,2,406,0,6.14,60.0,20
960,638,"Chocolates & Candies","Weikfield Tomato Salsa Instant Pasta",25.0,25.0,0,1,77,0,11.6,25.0,20
961,1168,"Cooking Essentials","Weikfield Tomato Salsa Instant Pasta",25.0,25.0,0,1,77,0,12.45,25.0,20
962,1602,"Home & Cleaning","Odomos Mosquito Repellent Cream",25.0,25.0,0,1,23,0,9.84,25.0,20
963,2053,"Ice Cream & Desserts","Weikfield Tomato Salsa Instant Pasta",25.0,25.0,0,1,77,0,11.6,25.0,20
964,2646,Munchies,"Weikfield Tomato Salsa Instant Pasta",25.0,25.0,0,1,77,0,12.45,25.0,20
965,3362,"Packaged Food","Weikfield Tomato Salsa Instant Pasta",25.0,25.0,0,1,77,0,11.6,25.0,20
966,569,"Chocolates & Candies","Saffola Yummy Masala Noodles",20.0,20.0,0,2,46,0,11.6,40.0,20
967,614,"Chocolates & Candies","Top Ramen  Noodles Curry Veg Pouch",20.0,20.0,0,1,70,0,11.6,20.0,20
968,1009,"Cooking Essentials","Popular Essentials Mustard Seeds Rai Small",20.0,20.0,0,2,100,0,12.45,40.0,20
969,1091,"Cooking Essentials","Saffola Yummy Masala Noodles",20.0,20.0,0,2,46,0,12.45,40.0,20
970,1155,"Cooking Essentials","Top Ramen  Noodles Curry Veg Pouch",20.0,20.0,0,1,70,0,12.45,20.0,20
971,1984,"Ice Cream & Desserts","Saffola Yummy Masala Noodles",20.0,20.0,0,2,46,0,11.6,40.0,20
972,2029,"Ice Cream & Desserts","Top Ramen  Noodles Curry Veg Pouch",20.0,20.0,0,1,70,0,11.6,20.0,20
973,2487,Munchies,"Popular Essentials Mustard Seeds Rai Small",20.0,20.0,0,2,100,0,12.45,40.0,20
974,2569,Munchies,"Saffola Yummy Masala Noodles",20.0,20.0,0,2,46,0,12.45,40.0,20
975,2633,Munchies,"Top Ramen  Noodles Curry Veg Pouch",20.0,20.0,0,1,70,0,12.45,20.0,20
976,2765,"Paan Corner","Gellette Presto Ready Shaver",20.0,20.0,0,1,58,0,6.14,20.0,20
977,3293,"Packaged Food","Saffola Yummy Masala Noodles",20.0,20.0,0,2,46,0,11.6,40.0,20
978,3338,"Packaged Food","Top Ramen  Noodles Curry Veg Pouch",20.0,20.0,0,1,70,0,11.6,20.0,20
979,3497,"Personal Care","Gellette Presto Ready Shaver",20.0,20.0,0,1,58,0,6.14,20.0,20
980,1683,"Home & Cleaning","Surf Excel Stain Eraser",18.0,18.0,0,1,150,0,9.84,18.0,20
981,328,"Chocolates & Candies","Ching's Secret Manchow Instant Soup",10.0,10.0,0,1,15,0,11.6,10.0,20
982,342,"Chocolates & Candies","Ching's Secret Tomato Instant Soup",10.0,10.0,0,1,16,0,11.6,10.0,20
983,347,"Chocolates & Candies","Chings Instant Soup - Hot & Sour",10.0,10.0,0,1,15,0,11.6,10.0,20
984,348,"Chocolates & Candies","Chings Instant Soup - Sweet Corn Veg",10.0,10.0,0,2,15,0,11.6,20.0,20
985,755,"Cooking Essentials","Ching's Secret Paneer Chilli Masala",10.0,10.0,0,2,20,0,12.45,20.0,20
986,759,"Cooking Essentials","Ching's Veg Manchurian Masala",10.0,10.0,0,2,20,0,12.45,20.0,20
987,1743,"Ice Cream & Desserts","Ching's Secret Manchow Instant Soup",10.0,10.0,0,1,15,0,11.6,10.0,20
988,1757,"Ice Cream & Desserts","Ching's Secret Tomato Instant Soup",10.0,10.0,0,1,16,0,11.6,10.0,20
989,1762,"Ice Cream & Desserts","Chings Instant Soup - Hot & Sour",10.0,10.0,0,1,15,0,11.6,10.0,20
990,1763,"Ice Cream & Desserts","Chings Instant Soup - Sweet Corn Veg",10.0,10.0,0,2,15,0,11.6,20.0,20
991,2233,Munchies,"Ching's Secret Paneer Chilli Masala",10.0,10.0,0,2,20,0,12.45,20.0,20
992,2237,Munchies,"Ching's Veg Manchurian Masala",10.0,10.0,0,2,20,0,12.45,20.0,20
993,3052,"Packaged Food","Ching's Secret Manchow Instant Soup",10.0,10.0,0,1,15,0,11.6,10.0,20
994,3066,"Packaged Food","Ching's Secret Tomato Instant Soup",10.0,10.0,0,1,16,0,11.6,10.0,20
995,3071,"Packaged Food","Chings Instant Soup - Hot & Sour",10.0,10.0,0,1,15,0,11.6,10.0,20
996,3072,"Packaged Food","Chings Instant Soup - Sweet Corn Veg",10.0,10.0,0,2,15,0,11.6,20.0,20
